-- phpMyAdmin SQL Dump
-- version 5.1.1
-- https://www.phpmyadmin.net/
--
-- Host: localhost:8889
-- Generation Time: Jan 06, 2022 at 12:39 PM
-- Server version: 5.7.34
-- PHP Version: 8.0.8

SET SQL_MODE = "NO_AUTO_VALUE_ON_ZERO";
START TRANSACTION;
SET time_zone = "+00:00";


/*!40101 SET @OLD_CHARACTER_SET_CLIENT=@@CHARACTER_SET_CLIENT */;
/*!40101 SET @OLD_CHARACTER_SET_RESULTS=@@CHARACTER_SET_RESULTS */;
/*!40101 SET @OLD_COLLATION_CONNECTION=@@COLLATION_CONNECTION */;
/*!40101 SET NAMES utf8mb4 */;

--
-- Database: `eapi`
--

-- --------------------------------------------------------

--
-- Table structure for table `failed_jobs`
--

CREATE TABLE `failed_jobs` (
  `id` bigint(20) UNSIGNED NOT NULL,
  `uuid` varchar(255) COLLATE utf8mb4_unicode_ci NOT NULL,
  `connection` text COLLATE utf8mb4_unicode_ci NOT NULL,
  `queue` text COLLATE utf8mb4_unicode_ci NOT NULL,
  `payload` longtext COLLATE utf8mb4_unicode_ci NOT NULL,
  `exception` longtext COLLATE utf8mb4_unicode_ci NOT NULL,
  `failed_at` timestamp NOT NULL DEFAULT CURRENT_TIMESTAMP
) ENGINE=InnoDB DEFAULT CHARSET=utf8mb4 COLLATE=utf8mb4_unicode_ci;

-- --------------------------------------------------------

--
-- Table structure for table `migrations`
--

CREATE TABLE `migrations` (
  `id` int(10) UNSIGNED NOT NULL,
  `migration` varchar(255) COLLATE utf8mb4_unicode_ci NOT NULL,
  `batch` int(11) NOT NULL
) ENGINE=InnoDB DEFAULT CHARSET=utf8mb4 COLLATE=utf8mb4_unicode_ci;

--
-- Dumping data for table `migrations`
--

INSERT INTO `migrations` (`id`, `migration`, `batch`) VALUES
(1, '2014_10_12_000000_create_users_table', 1),
(2, '2014_10_12_100000_create_password_resets_table', 1),
(3, '2019_08_19_000000_create_failed_jobs_table', 1),
(4, '2019_12_14_000001_create_personal_access_tokens_table', 1),
(5, '2022_01_05_213520_create_products_table', 1),
(6, '2022_01_05_213544_create_reviews_table', 1);

-- --------------------------------------------------------

--
-- Table structure for table `password_resets`
--

CREATE TABLE `password_resets` (
  `email` varchar(255) COLLATE utf8mb4_unicode_ci NOT NULL,
  `token` varchar(255) COLLATE utf8mb4_unicode_ci NOT NULL,
  `created_at` timestamp NULL DEFAULT NULL
) ENGINE=InnoDB DEFAULT CHARSET=utf8mb4 COLLATE=utf8mb4_unicode_ci;

-- --------------------------------------------------------

--
-- Table structure for table `personal_access_tokens`
--

CREATE TABLE `personal_access_tokens` (
  `id` bigint(20) UNSIGNED NOT NULL,
  `tokenable_type` varchar(255) COLLATE utf8mb4_unicode_ci NOT NULL,
  `tokenable_id` bigint(20) UNSIGNED NOT NULL,
  `name` varchar(255) COLLATE utf8mb4_unicode_ci NOT NULL,
  `token` varchar(64) COLLATE utf8mb4_unicode_ci NOT NULL,
  `abilities` text COLLATE utf8mb4_unicode_ci,
  `last_used_at` timestamp NULL DEFAULT NULL,
  `created_at` timestamp NULL DEFAULT NULL,
  `updated_at` timestamp NULL DEFAULT NULL
) ENGINE=InnoDB DEFAULT CHARSET=utf8mb4 COLLATE=utf8mb4_unicode_ci;

-- --------------------------------------------------------

--
-- Table structure for table `products`
--

CREATE TABLE `products` (
  `id` bigint(20) UNSIGNED NOT NULL,
  `name` varchar(255) COLLATE utf8mb4_unicode_ci NOT NULL,
  `detail` text COLLATE utf8mb4_unicode_ci NOT NULL,
  `price` int(11) NOT NULL,
  `stock` int(11) NOT NULL,
  `discount` int(11) NOT NULL,
  `created_at` timestamp NULL DEFAULT NULL,
  `updated_at` timestamp NULL DEFAULT NULL
) ENGINE=InnoDB DEFAULT CHARSET=utf8mb4 COLLATE=utf8mb4_unicode_ci;

--
-- Dumping data for table `products`
--

INSERT INTO `products` (`id`, `name`, `detail`, `price`, `stock`, `discount`, `created_at`, `updated_at`) VALUES
(1, 'est', 'Dolorem quam sed sapiente. Illum ut iusto est optio consequuntur dolor.', 248, 9, 14, '2022-01-06 10:38:33', '2022-01-06 10:38:33'),
(2, 'aut', 'Dolorum et dolorem assumenda voluptas aut ut. Cumque aut magni labore est et velit est officia. Molestiae distinctio qui dolorem eveniet. Asperiores rem rerum ut suscipit odit modi ab odit.', 955, 4, 15, '2022-01-06 10:38:33', '2022-01-06 10:38:33'),
(3, 'provident', 'Molestias soluta dolorem et suscipit et qui voluptas. Itaque similique molestiae suscipit rerum. Omnis ipsa quo consectetur ut.', 323, 8, 5, '2022-01-06 10:38:33', '2022-01-06 10:38:33'),
(4, 'voluptatibus', 'Exercitationem necessitatibus quidem et. Aut suscipit possimus harum fuga saepe corporis. Officiis blanditiis nobis voluptatibus laudantium voluptates sunt.', 304, 3, 8, '2022-01-06 10:38:33', '2022-01-06 10:38:33'),
(5, 'quia', 'Occaecati suscipit maiores eaque eos vel officiis iusto. Autem voluptatem ab voluptatem aut. Vel perferendis repellat velit laboriosam omnis saepe optio.', 278, 7, 3, '2022-01-06 10:38:33', '2022-01-06 10:38:33'),
(6, 'aut', 'Laudantium expedita cum tenetur asperiores. Doloribus ex illum non exercitationem. Qui non esse rerum et ducimus. Doloribus incidunt debitis et sit.', 966, 7, 3, '2022-01-06 10:38:33', '2022-01-06 10:38:33'),
(7, 'perferendis', 'Aut magni atque et omnis tenetur molestiae. Reprehenderit quia perspiciatis praesentium. Magnam et fuga qui et dignissimos molestias natus. Dolor assumenda ea ea autem.', 931, 4, 24, '2022-01-06 10:38:33', '2022-01-06 10:38:33'),
(8, 'quia', 'Culpa nihil fugit nisi temporibus aut qui explicabo. Aut labore ad qui soluta quis molestias et. Voluptatem et minima cupiditate unde. Impedit praesentium et cum.', 404, 2, 25, '2022-01-06 10:38:33', '2022-01-06 10:38:33'),
(9, 'possimus', 'Rerum laborum libero commodi tempora ex. Similique quis velit aspernatur voluptate nesciunt vero qui. Aut aspernatur ut et ipsa.', 195, 8, 6, '2022-01-06 10:38:33', '2022-01-06 10:38:33'),
(10, 'veniam', 'Qui eum ab nesciunt autem. Omnis quia eius et.', 151, 8, 18, '2022-01-06 10:38:33', '2022-01-06 10:38:33'),
(11, 'ut', 'Ab hic ut velit quis dolores. Qui magnam molestiae dolorem dolores. Pariatur et alias nisi voluptates.', 891, 5, 30, '2022-01-06 10:38:33', '2022-01-06 10:38:33'),
(12, 'ea', 'Nihil blanditiis voluptatem enim nemo saepe cum nostrum esse. Fugiat in hic voluptatibus dolorem porro laborum quae. Et est dignissimos aut explicabo tempora. Vel rerum repellat itaque repellat accusamus voluptas vel.', 384, 6, 16, '2022-01-06 10:38:33', '2022-01-06 10:38:33'),
(13, 'odio', 'Consequatur impedit voluptas autem rem excepturi. Illo temporibus nisi non reiciendis. Omnis laboriosam at quisquam quasi consequatur. Quisquam et itaque pariatur ut nostrum accusantium.', 582, 4, 5, '2022-01-06 10:38:33', '2022-01-06 10:38:33'),
(14, 'rerum', 'Quos iste magni ad at aut. Quia rem velit aliquam ipsum animi. Rerum ut velit ut consectetur distinctio numquam nulla.', 496, 0, 24, '2022-01-06 10:38:33', '2022-01-06 10:38:33'),
(15, 'nisi', 'Vitae facilis sunt doloremque ex. Laboriosam harum distinctio vitae id distinctio. Nesciunt id quia rerum similique est minima.', 164, 0, 25, '2022-01-06 10:38:33', '2022-01-06 10:38:33'),
(16, 'ad', 'Ut ullam nemo repudiandae eveniet aut fugit. Eos quis eos ut non aspernatur totam. Ut cumque quia facere tenetur molestias culpa. Quia harum optio quibusdam consectetur ut.', 427, 5, 4, '2022-01-06 10:38:33', '2022-01-06 10:38:33'),
(17, 'aut', 'Facilis quis id excepturi ut saepe exercitationem officia. Consequatur iusto iure sequi iure omnis dicta. Modi ut deleniti et distinctio. Repudiandae harum soluta beatae magni est dolorem qui.', 564, 7, 11, '2022-01-06 10:38:33', '2022-01-06 10:38:33'),
(18, 'omnis', 'Maiores et sunt dignissimos. Ex vel est enim qui. Qui voluptates corrupti delectus incidunt quia.', 179, 4, 24, '2022-01-06 10:38:33', '2022-01-06 10:38:33'),
(19, 'ipsam', 'Alias vero cupiditate enim facilis. Architecto nobis animi aut labore. Id aperiam et corporis assumenda suscipit nesciunt ea rerum. Molestias omnis soluta accusantium beatae minima.', 819, 6, 7, '2022-01-06 10:38:33', '2022-01-06 10:38:33'),
(20, 'quis', 'Debitis est dolores impedit nesciunt fuga est aut. Accusamus voluptatem officia earum voluptas consequatur excepturi et consectetur. Voluptatem sunt neque enim atque aut atque et.', 777, 4, 2, '2022-01-06 10:38:33', '2022-01-06 10:38:33'),
(21, 'consequuntur', 'Atque dolores voluptatem dolorum et. Laborum in non eos. Consequatur aut blanditiis et et vero et. Consectetur deserunt nihil rerum blanditiis quia.', 711, 8, 2, '2022-01-06 10:38:33', '2022-01-06 10:38:33'),
(22, 'voluptate', 'Aliquid enim est asperiores. Earum facere distinctio veniam unde aut totam. Qui deserunt ut ullam. Distinctio perspiciatis eaque dolores ipsum aut dolorem.', 215, 5, 18, '2022-01-06 10:38:33', '2022-01-06 10:38:33'),
(23, 'quas', 'Odio natus adipisci aut non nobis veniam nisi. Commodi dolor voluptatem voluptates. Omnis quis dolores ut quasi exercitationem aut eveniet.', 183, 5, 13, '2022-01-06 10:38:33', '2022-01-06 10:38:33'),
(24, 'ut', 'Nulla occaecati ut sunt ea aliquam. Saepe sint voluptatem soluta sunt eos. Omnis et ipsam doloremque repellendus. Ullam quia et et voluptatem qui doloremque et.', 112, 5, 27, '2022-01-06 10:38:33', '2022-01-06 10:38:33'),
(25, 'id', 'Debitis nobis sunt at odit modi. Voluptatem eveniet ducimus dolorem ut maxime. Occaecati illum deserunt et quam et quisquam dicta. Aspernatur est consequatur est laudantium odio consequatur rerum porro.', 518, 1, 4, '2022-01-06 10:38:33', '2022-01-06 10:38:33'),
(26, 'asperiores', 'Dolores voluptas animi veniam voluptatem rem. Autem esse et tempore esse molestiae mollitia error. Qui esse voluptas excepturi consectetur nam sed. Ut eveniet culpa consequuntur placeat asperiores repellat possimus. Accusantium quod autem quia eveniet modi.', 787, 0, 11, '2022-01-06 10:38:33', '2022-01-06 10:38:33'),
(27, 'qui', 'Voluptatem voluptatem explicabo veniam sint doloremque sunt. Rem consequatur aspernatur odio adipisci quae laboriosam. Ea nobis quam incidunt eaque quis adipisci illo. Numquam dolorum repellendus voluptates autem excepturi corporis est corporis.', 791, 0, 16, '2022-01-06 10:38:33', '2022-01-06 10:38:33'),
(28, 'modi', 'Explicabo doloremque ullam animi necessitatibus sit ipsum atque. Expedita vitae magni perspiciatis. Voluptas et possimus cum ducimus. Deserunt ab voluptas accusantium inventore nostrum.', 755, 3, 30, '2022-01-06 10:38:33', '2022-01-06 10:38:33'),
(29, 'enim', 'Veritatis sunt minus quas quas. Consequatur doloremque illum praesentium commodi sit autem aspernatur eum.', 857, 8, 28, '2022-01-06 10:38:33', '2022-01-06 10:38:33'),
(30, 'ducimus', 'Totam nobis et nostrum rem iure qui. Officiis dicta aperiam id voluptatem atque voluptatem eligendi. Et asperiores quia et est optio voluptatem. Reiciendis quam autem quisquam sint quae autem dolores.', 504, 8, 13, '2022-01-06 10:38:33', '2022-01-06 10:38:33'),
(31, 'maxime', 'Sunt sunt numquam sequi ab laborum. Est quis eius similique nisi. Et nesciunt nam repudiandae voluptate aut nemo enim. Nobis natus voluptas quo ea incidunt fugiat magni.', 424, 7, 29, '2022-01-06 10:38:33', '2022-01-06 10:38:33'),
(32, 'quis', 'Aut accusamus id quisquam minus ut. Quaerat nihil ratione aliquam a. Dolor voluptas autem illo tempora iusto ea.', 888, 0, 8, '2022-01-06 10:38:33', '2022-01-06 10:38:33'),
(33, 'libero', 'Nesciunt dicta id dolorem quos id sunt. Natus dolores ducimus aperiam saepe vero laudantium asperiores. Odit vitae aut dolor debitis. Rem labore praesentium blanditiis nulla consequatur ducimus.', 653, 9, 29, '2022-01-06 10:38:33', '2022-01-06 10:38:33'),
(34, 'est', 'Perferendis voluptas eius ut sapiente. Dolorum pariatur quia ut reprehenderit. Officia sunt eos fugit saepe. Dolorum nemo eaque deserunt repudiandae deleniti asperiores saepe.', 543, 4, 2, '2022-01-06 10:38:33', '2022-01-06 10:38:33'),
(35, 'et', 'Consequatur et doloribus sunt illo ut repudiandae consequatur. Impedit fugiat dolorem eius. Maiores debitis est assumenda repellat a.', 797, 8, 12, '2022-01-06 10:38:33', '2022-01-06 10:38:33'),
(36, 'nam', 'Molestiae ut illum voluptas quia harum odit deserunt. Occaecati sapiente et sit nostrum. Quo consequatur ratione odio qui inventore in laudantium.', 117, 5, 12, '2022-01-06 10:38:33', '2022-01-06 10:38:33'),
(37, 'provident', 'Corrupti voluptatum corrupti vero ipsam. Vero repellendus ad quisquam amet sunt quasi. Ratione soluta et totam consequatur doloribus et ipsum.', 328, 5, 4, '2022-01-06 10:38:33', '2022-01-06 10:38:33'),
(38, 'cumque', 'Voluptatibus voluptatum nostrum iure. Eum sunt harum ut voluptate at maxime. Quisquam ut aut ea officia nam. Sed ut nesciunt voluptatum totam eos reiciendis deserunt.', 111, 9, 15, '2022-01-06 10:38:33', '2022-01-06 10:38:33'),
(39, 'eaque', 'Veritatis dolor voluptas qui quo similique sapiente blanditiis et. A culpa expedita est voluptatum alias est vero. In voluptate asperiores eaque. Quis et ipsam et voluptatem voluptatibus.', 244, 2, 8, '2022-01-06 10:38:33', '2022-01-06 10:38:33'),
(40, 'reprehenderit', 'Sed in doloremque a. Repellendus provident sunt amet qui adipisci quis. Occaecati aut recusandae voluptatibus corporis veritatis qui.', 562, 4, 8, '2022-01-06 10:38:33', '2022-01-06 10:38:33'),
(41, 'unde', 'Omnis aut qui amet qui omnis. Suscipit voluptatem aspernatur velit inventore qui eum laborum. Et molestiae molestiae pariatur earum quas. Molestiae est et ut accusamus voluptate quos dolores.', 531, 1, 29, '2022-01-06 10:38:33', '2022-01-06 10:38:33'),
(42, 'et', 'Ipsum et rem in aspernatur nemo atque enim. Non minima omnis doloribus nisi dicta. Perspiciatis culpa et officiis eos. Quibusdam dignissimos quis minima.', 318, 9, 24, '2022-01-06 10:38:33', '2022-01-06 10:38:33'),
(43, 'unde', 'Quis consequuntur eligendi totam est. Quia quasi ipsam et qui sed atque illo modi. Nihil non maiores impedit quia rerum pariatur dolorum dolorum. Atque atque dolore omnis et doloribus aperiam voluptatem.', 520, 3, 3, '2022-01-06 10:38:33', '2022-01-06 10:38:33'),
(44, 'itaque', 'Rem et nisi distinctio sed adipisci voluptas molestiae vel. Ipsa sint eum ipsa accusamus tempore. Ea beatae velit deserunt non aliquid laborum. Rem odit quas voluptatem qui quidem perferendis est.', 798, 3, 16, '2022-01-06 10:38:33', '2022-01-06 10:38:33'),
(45, 'et', 'Autem nihil qui quasi velit optio eos at. Ut vel architecto deserunt ut. Beatae non eaque omnis ut iure quo cupiditate. Quos soluta laborum pariatur est.', 546, 3, 9, '2022-01-06 10:38:33', '2022-01-06 10:38:33'),
(46, 'placeat', 'Sequi praesentium officiis unde qui. Autem consequuntur nobis odio dolorem. Ab qui ratione soluta neque id est id veniam. Optio voluptatem quo asperiores eligendi. Doloremque a voluptatem omnis et velit debitis autem accusamus.', 908, 3, 22, '2022-01-06 10:38:33', '2022-01-06 10:38:33'),
(47, 'sit', 'Voluptatibus a natus dolorem quae ea ducimus et. Impedit sunt voluptatem et incidunt veritatis nihil suscipit. Consectetur eos expedita sunt magni ab soluta.', 938, 9, 7, '2022-01-06 10:38:33', '2022-01-06 10:38:33'),
(48, 'hic', 'Ex rerum et est facilis eum. Quis enim voluptate corrupti molestiae natus qui aut. Et hic quia et eum esse minus. Incidunt ut ipsam eveniet hic maxime placeat quidem corrupti. Doloremque corporis officiis commodi qui sit odit id.', 840, 7, 7, '2022-01-06 10:38:33', '2022-01-06 10:38:33'),
(49, 'libero', 'Esse et tempora facere. Occaecati ducimus occaecati et ex quibusdam ad voluptas labore. Rerum dolorem vitae at laudantium occaecati quo asperiores.', 122, 9, 18, '2022-01-06 10:38:33', '2022-01-06 10:38:33'),
(50, 'magnam', 'Deserunt et nostrum officiis. Nesciunt illum possimus ut blanditiis voluptas voluptatem. Sed tempora laudantium impedit eius.', 672, 0, 16, '2022-01-06 10:38:33', '2022-01-06 10:38:33');

-- --------------------------------------------------------

--
-- Table structure for table `reviews`
--

CREATE TABLE `reviews` (
  `id` bigint(20) UNSIGNED NOT NULL,
  `product_id` bigint(20) UNSIGNED DEFAULT NULL,
  `customer` varchar(255) COLLATE utf8mb4_unicode_ci NOT NULL,
  `review` text COLLATE utf8mb4_unicode_ci NOT NULL,
  `star` int(11) NOT NULL,
  `created_at` timestamp NULL DEFAULT NULL,
  `updated_at` timestamp NULL DEFAULT NULL
) ENGINE=InnoDB DEFAULT CHARSET=utf8mb4 COLLATE=utf8mb4_unicode_ci;

--
-- Dumping data for table `reviews`
--

INSERT INTO `reviews` (`id`, `product_id`, `customer`, `review`, `star`, `created_at`, `updated_at`) VALUES
(1, 13, 'Lew Gottlieb', 'Iusto maiores nostrum voluptas nostrum vero rem ullam. Maiores esse pariatur nisi similique dolore voluptatem. Consequatur est et earum est accusamus occaecati.', 2, '2022-01-06 10:38:33', '2022-01-06 10:38:33'),
(2, 3, 'Trever Douglas', 'Velit earum ut libero officia. Sed aliquid magnam ut qui. Qui provident placeat ipsam possimus nesciunt esse.', 1, '2022-01-06 10:38:33', '2022-01-06 10:38:33'),
(3, 41, 'Miss Allene Haag', 'Quisquam praesentium perspiciatis veritatis ullam quo voluptas fugit corrupti. Dolorum itaque nobis in facere maxime. Possimus architecto illum officia qui. Accusantium sapiente voluptas iste ut voluptate sit tempora dolorem.', 0, '2022-01-06 10:38:33', '2022-01-06 10:38:33'),
(4, 7, 'Prof. Bobby Gerlach', 'Vero quis doloribus praesentium quidem cum repudiandae minus. Fugiat aliquid delectus porro libero est. Sed et nemo sint ratione est exercitationem assumenda quo. Quasi velit consequatur tenetur aperiam.', 1, '2022-01-06 10:38:33', '2022-01-06 10:38:33'),
(5, 13, 'Mallory Macejkovic', 'Dolor nihil qui dolores in consequatur. Repellendus harum temporibus distinctio occaecati distinctio. Omnis rem culpa cupiditate dicta veniam sequi et.', 1, '2022-01-06 10:38:33', '2022-01-06 10:38:33'),
(6, 29, 'Stone Hamill II', 'Eum rerum repellat quis tempora. Omnis quod ut optio. Quas quo delectus animi dolor eius. Et qui cum velit distinctio.', 1, '2022-01-06 10:38:33', '2022-01-06 10:38:33'),
(7, 4, 'Prof. Elisa Dietrich', 'Sit consequuntur consequatur et quo. Quam non id laudantium. Magni labore vel provident reprehenderit neque. Modi amet est provident et esse.', 0, '2022-01-06 10:38:33', '2022-01-06 10:38:33'),
(8, 49, 'Mr. Miller Medhurst V', 'Ut incidunt dolorem harum et. Quaerat at quasi nemo quia non debitis eius dolor. Neque qui qui eligendi. Ex pariatur mollitia enim placeat voluptates autem. Consequatur facilis voluptate et id blanditiis provident.', 1, '2022-01-06 10:38:33', '2022-01-06 10:38:33'),
(9, 33, 'Jamil Mills', 'Molestiae sint ratione corporis animi. Vitae vel incidunt omnis cumque perspiciatis. Est itaque neque laudantium eos quam reiciendis modi tempore.', 4, '2022-01-06 10:38:33', '2022-01-06 10:38:33'),
(10, 5, 'Jennings Torphy', 'Inventore voluptates ea ut quia quasi. Natus quaerat aspernatur iste similique deserunt unde ullam excepturi. Ratione eum aut libero voluptatem amet nobis. Consequatur dolor alias sit praesentium repellendus consectetur harum.', 2, '2022-01-06 10:38:33', '2022-01-06 10:38:33'),
(11, 43, 'Prof. Cicero Gleason', 'Aut qui quidem possimus voluptatem ut aperiam. Culpa eaque omnis voluptatem ipsam tempora velit quae. Maiores architecto voluptas voluptatem hic enim.', 0, '2022-01-06 10:38:33', '2022-01-06 10:38:33'),
(12, 10, 'Stephania Swaniawski', 'Deleniti perspiciatis eos dolorum qui nobis molestiae eveniet atque. Illum necessitatibus porro inventore ut inventore doloremque. Dolor tempore nam ratione nihil eius consequatur quia.', 4, '2022-01-06 10:38:33', '2022-01-06 10:38:33'),
(13, 41, 'Miss Delta Schaden', 'Velit et nostrum soluta nihil quaerat ut. Dolores reprehenderit voluptatibus natus excepturi amet fugit quia libero. Aut fugit dolore facere cupiditate.', 2, '2022-01-06 10:38:33', '2022-01-06 10:38:33'),
(14, 42, 'Delia Eichmann II', 'Excepturi voluptatum quisquam dolorem. Quaerat praesentium pariatur sint alias eius et asperiores. Praesentium non repudiandae repellendus et excepturi nihil.', 1, '2022-01-06 10:38:33', '2022-01-06 10:38:33'),
(15, 3, 'Reba Oberbrunner', 'Vel earum aspernatur sequi dolorem molestiae. Aperiam rerum dolorum aut provident eum. Blanditiis qui porro vel et id itaque animi.', 0, '2022-01-06 10:38:33', '2022-01-06 10:38:33'),
(16, 1, 'Margarett Schuster', 'Architecto dolor cum et ipsam. Similique aperiam praesentium cum hic rerum sunt libero. Sunt rem voluptates sed quo consequatur commodi aliquam voluptatibus.', 2, '2022-01-06 10:38:33', '2022-01-06 10:38:33'),
(17, 20, 'Adonis Streich', 'Itaque deserunt voluptas itaque placeat suscipit. Qui laudantium ratione maxime non. Tempore id tenetur beatae dolor aut voluptas.', 4, '2022-01-06 10:38:33', '2022-01-06 10:38:33'),
(18, 32, 'Bernita Beahan', 'Modi ipsum eaque eligendi molestiae omnis ut sed. Quos dolorem aut nam laboriosam accusamus. Aut tempora velit consequatur enim omnis sed omnis.', 2, '2022-01-06 10:38:33', '2022-01-06 10:38:33'),
(19, 6, 'Shana Brown', 'Ut et et sequi maiores. Quae ad rerum ipsum nobis minus repellat. Sed ex sit rerum eaque.', 4, '2022-01-06 10:38:33', '2022-01-06 10:38:33'),
(20, 22, 'Owen Cartwright', 'Ea nesciunt ut ut delectus. Modi magnam et pariatur et consequatur sunt voluptas. Optio eaque quo aut doloribus eos veritatis aut. Est dolor nisi labore quisquam ut excepturi in.', 3, '2022-01-06 10:38:33', '2022-01-06 10:38:33'),
(21, 39, 'Dr. Dimitri Swaniawski', 'Aut sunt quisquam dolores sed ratione. Ratione optio perferendis occaecati in blanditiis. Aliquam quod natus perferendis et.', 3, '2022-01-06 10:38:33', '2022-01-06 10:38:33'),
(22, 8, 'Alaina Tillman DVM', 'Optio quis et et est eum fuga. Nesciunt cum non necessitatibus dolor nulla nobis. Iure ipsam distinctio sit vel. Amet soluta ut molestiae id fuga eum saepe.', 5, '2022-01-06 10:38:33', '2022-01-06 10:38:33'),
(23, 50, 'Prof. Camila Fritsch MD', 'Suscipit ad illum ut tempore a ut quos. Et nobis adipisci maiores placeat vitae. Est occaecati eos omnis qui qui tenetur voluptates. Et consectetur dignissimos laudantium et qui eos. Quaerat earum id aut qui magni ut dolores.', 0, '2022-01-06 10:38:33', '2022-01-06 10:38:33'),
(24, 32, 'Prof. Liana Witting Sr.', 'Ut repudiandae tempora labore odit esse iure in. Nulla quos porro at ex qui animi recusandae. Cum sed et et omnis animi odit porro. Occaecati ipsa aliquam quas a quo. Eum odio et placeat est cum similique.', 1, '2022-01-06 10:38:33', '2022-01-06 10:38:33'),
(25, 45, 'Blaise Denesik', 'Est laborum ab ut enim culpa velit pariatur. Quis autem deserunt assumenda illo et in. Error facilis sequi eveniet minus. Enim tenetur optio voluptatem hic.', 0, '2022-01-06 10:38:33', '2022-01-06 10:38:33'),
(26, 24, 'Emmanuel Rowe', 'Voluptatem est consequatur aperiam et. Excepturi et sit quasi. Nisi quidem id ullam reprehenderit. Similique ut dolor fugiat nobis a ducimus sed numquam.', 2, '2022-01-06 10:38:33', '2022-01-06 10:38:33'),
(27, 7, 'Mrs. Tabitha O\'Keefe DVM', 'Dolores eos in culpa et velit qui. Possimus natus animi doloremque ullam beatae.', 1, '2022-01-06 10:38:33', '2022-01-06 10:38:33'),
(28, 27, 'Pietro Pouros', 'Commodi ut totam vel et facere repudiandae fugiat dolore. Omnis occaecati optio id magnam. Porro et culpa dolor doloremque.', 3, '2022-01-06 10:38:33', '2022-01-06 10:38:33'),
(29, 2, 'Jessy Senger I', 'Qui praesentium vero dolore culpa iusto nihil veniam et. Ut aliquid est qui provident voluptas eum. Sint soluta qui id corrupti aut architecto. Nostrum laborum quos hic esse eum aut reiciendis.', 1, '2022-01-06 10:38:33', '2022-01-06 10:38:33'),
(30, 17, 'Monserrat Lehner', 'Enim nostrum adipisci nam cum eos impedit ullam. Qui quos aut ex veritatis. Sed rerum quaerat quasi non. Necessitatibus commodi eius laborum reiciendis.', 4, '2022-01-06 10:38:33', '2022-01-06 10:38:33'),
(31, 36, 'Irving Casper', 'Ratione consequatur eum culpa voluptatem cupiditate voluptatem. Alias officiis voluptates voluptates accusamus nemo dolores reprehenderit. Animi maiores quo ut et voluptate praesentium blanditiis ab. Ut odio sit fugiat porro illum voluptas.', 3, '2022-01-06 10:38:33', '2022-01-06 10:38:33'),
(32, 12, 'Dr. Jade Schumm V', 'Voluptatem ad dignissimos perferendis debitis aut. Sed velit consequuntur cum aut laudantium est ad. Inventore qui eum ab qui minus. Voluptate nemo esse unde eos porro. Asperiores sit est facere porro corrupti ullam aperiam.', 0, '2022-01-06 10:38:33', '2022-01-06 10:38:33'),
(33, 50, 'Mrs. Hilda Gaylord Sr.', 'Animi assumenda animi tempora consequatur. Totam sit iure molestiae nam eligendi iure ea saepe. Illum quidem fugiat eligendi sequi id vel sed.', 5, '2022-01-06 10:38:33', '2022-01-06 10:38:33'),
(34, 3, 'Kathleen Jenkins', 'Necessitatibus soluta exercitationem a impedit id. Ea sequi velit asperiores mollitia non quas ut at. Ad autem quis et. Omnis ut repudiandae hic quos.', 2, '2022-01-06 10:38:33', '2022-01-06 10:38:33'),
(35, 1, 'Damon Berge PhD', 'Dolor est qui atque qui ipsum. Vel ut ut eos dolorem omnis. Eum laudantium cum doloribus recusandae. Voluptas repudiandae et incidunt ex error ut asperiores.', 2, '2022-01-06 10:38:33', '2022-01-06 10:38:33'),
(36, 14, 'Marcelo Collins', 'Dolore veritatis itaque enim illum et rerum. Atque nulla nostrum ea rerum et error. Qui tempora ullam sit perspiciatis eos dignissimos ut. Inventore molestiae enim deserunt vel.', 5, '2022-01-06 10:38:33', '2022-01-06 10:38:33'),
(37, 38, 'Lilly Wilderman', 'Qui beatae minima et alias pariatur repellendus. Sapiente blanditiis accusantium maiores quisquam ipsam. Nemo dolore nam fugit voluptas sint.', 1, '2022-01-06 10:38:33', '2022-01-06 10:38:33'),
(38, 37, 'Stefan Hessel', 'Impedit distinctio earum assumenda deserunt magni et. Delectus esse eligendi error. Aspernatur omnis eaque voluptatem consectetur qui asperiores id.', 0, '2022-01-06 10:38:33', '2022-01-06 10:38:33'),
(39, 24, 'Hilario Carroll', 'Explicabo omnis commodi voluptatem enim consequatur. Reprehenderit commodi eveniet suscipit sapiente expedita neque sit. Architecto recusandae eaque aut rerum aspernatur nam.', 4, '2022-01-06 10:38:33', '2022-01-06 10:38:33'),
(40, 2, 'Theresa Bernhard', 'Nemo aperiam ipsum similique incidunt animi ad qui autem. Ullam et ullam qui aut aut et.', 2, '2022-01-06 10:38:33', '2022-01-06 10:38:33'),
(41, 8, 'Prof. Augustus Mayer IV', 'Qui vitae qui sit. Ad occaecati quod sunt totam nemo dolores sapiente. Voluptatem autem unde et itaque minima.', 5, '2022-01-06 10:38:33', '2022-01-06 10:38:33'),
(42, 16, 'Peter Funk', 'Omnis eligendi quibusdam ea sequi excepturi laudantium molestiae. Aliquid aliquam dolorem sit pariatur eveniet similique. Maiores dolores vel laudantium sit debitis. Doloremque sit animi tenetur labore molestiae.', 5, '2022-01-06 10:38:33', '2022-01-06 10:38:33'),
(43, 26, 'Ms. Rubye Gutmann MD', 'Ea quibusdam quo voluptatem. Numquam deserunt architecto voluptatum. Ad esse sit ipsa qui possimus animi voluptas.', 1, '2022-01-06 10:38:33', '2022-01-06 10:38:33'),
(44, 11, 'Miss Joannie Bauch', 'Explicabo sed adipisci non exercitationem officia expedita dignissimos. Voluptatem sequi in qui necessitatibus consequatur et. In enim debitis beatae et qui.', 2, '2022-01-06 10:38:33', '2022-01-06 10:38:33'),
(45, 40, 'Kristy Welch', 'Vel repellendus cum tenetur impedit. Architecto et veniam ratione numquam et reprehenderit laboriosam. Qui omnis enim magnam quidem. Distinctio enim fugiat hic aut vel voluptatem at voluptatem.', 4, '2022-01-06 10:38:33', '2022-01-06 10:38:33'),
(46, 38, 'Ezekiel Koepp Sr.', 'Minus consectetur et aut dicta dolorem et. Temporibus fuga sunt ut culpa eum earum. Nostrum omnis et voluptatem nobis sit qui molestias. Occaecati recusandae voluptatem cum error.', 0, '2022-01-06 10:38:33', '2022-01-06 10:38:33'),
(47, 49, 'Kayli Greenfelder', 'Saepe dolores et accusantium in ipsam rem ut. Accusamus qui expedita qui voluptas esse. Aliquam aut ipsa vel ut libero mollitia voluptas. Quia amet odit sunt omnis.', 3, '2022-01-06 10:38:33', '2022-01-06 10:38:33'),
(48, 12, 'Dr. Lori Kunze III', 'Non aut neque ipsum minima qui corporis. Aperiam et et provident ut ut. Reprehenderit molestiae non rerum commodi modi ab. Eos esse qui est consequuntur perferendis optio sint.', 2, '2022-01-06 10:38:33', '2022-01-06 10:38:33'),
(49, 34, 'Ian Bruen', 'Rem quia rerum necessitatibus est accusantium quam. Inventore enim sit sit totam. Sunt expedita quia placeat ducimus labore ipsam. Maxime tempora velit optio.', 3, '2022-01-06 10:38:33', '2022-01-06 10:38:33'),
(50, 31, 'Miracle Trantow MD', 'Sed molestiae saepe et dignissimos. Et vel quod beatae. Rerum architecto ut maxime saepe asperiores quo sed. Fugit facere molestias nobis libero.', 2, '2022-01-06 10:38:33', '2022-01-06 10:38:33'),
(51, 35, 'Ellsworth Collier III', 'Nam quasi et vitae eum ut. Est voluptas rem et tenetur rerum.', 2, '2022-01-06 10:38:33', '2022-01-06 10:38:33'),
(52, 29, 'Waino Barrows', 'Sint quia eum asperiores minus repellendus sed. Nihil nihil voluptatum ut aliquid. Eum dicta asperiores facilis voluptatem suscipit sit impedit voluptates. Tempora necessitatibus quaerat cum et aliquam omnis praesentium. Amet quasi ipsum earum rerum accusamus.', 3, '2022-01-06 10:38:33', '2022-01-06 10:38:33'),
(53, 9, 'Kade Okuneva', 'Esse excepturi voluptas reiciendis provident dolor officia saepe. Sed ea sed et itaque libero. Et reiciendis nostrum ut qui. Ex omnis dolorem sit quam quia provident.', 2, '2022-01-06 10:38:33', '2022-01-06 10:38:33'),
(54, 46, 'Helga Rice', 'Cupiditate ea repudiandae sunt eum tempora quia. Et debitis sed corporis et ad voluptatem. Consequatur temporibus perspiciatis ut voluptatem itaque qui perferendis.', 0, '2022-01-06 10:38:33', '2022-01-06 10:38:33'),
(55, 9, 'Richard Koelpin', 'Labore aut vitae velit natus voluptatem ducimus. Perspiciatis rerum occaecati aliquid blanditiis nulla dignissimos nesciunt ea. Perspiciatis omnis laborum qui voluptatem officia reiciendis dolores.', 2, '2022-01-06 10:38:33', '2022-01-06 10:38:33'),
(56, 5, 'Ally Prosacco', 'Similique consectetur voluptas nostrum fuga repellat saepe eum. Inventore totam eveniet est consequuntur tempore omnis sit. Dolorum tenetur quas quia quis a.', 4, '2022-01-06 10:38:33', '2022-01-06 10:38:33'),
(57, 2, 'Albert Ortiz', 'Illo molestias quam voluptatum hic perferendis ullam. Quia accusantium voluptatibus ea ut sed. Tempore consequuntur et aut.', 4, '2022-01-06 10:38:33', '2022-01-06 10:38:33'),
(58, 44, 'Dewitt Jones', 'Consequuntur consequuntur deleniti tempore tempora aliquid. Tenetur velit consectetur voluptatem et consectetur vitae. Voluptatem doloremque praesentium neque sed. Sint dolor facere quidem et minima.', 0, '2022-01-06 10:38:33', '2022-01-06 10:38:33'),
(59, 49, 'Christopher Fahey', 'Officia cumque iste ratione repellat illo omnis officiis. Laudantium deleniti nihil et hic et. Doloribus inventore odio suscipit repellendus esse in et voluptatem.', 5, '2022-01-06 10:38:33', '2022-01-06 10:38:33'),
(60, 2, 'Billie Torphy', 'Dolor neque dolorem aut velit. Accusantium possimus delectus necessitatibus corporis ex et non. Aliquam et officia dolor sapiente nam aut. Sit impedit deleniti consequatur voluptas.', 1, '2022-01-06 10:38:33', '2022-01-06 10:38:33'),
(61, 9, 'Theodora Dach', 'Natus ab qui molestiae id est accusamus. Accusamus perspiciatis illo sint minima amet. Hic sed unde vitae qui. Et doloribus qui beatae eos voluptate sed incidunt.', 1, '2022-01-06 10:38:33', '2022-01-06 10:38:33'),
(62, 5, 'Dr. Wiley Rodriguez', 'Expedita distinctio voluptates ea consequatur. Ipsum autem qui voluptates iste unde recusandae. Rerum quia soluta ut eligendi. Qui eius necessitatibus incidunt enim aut culpa ut. Id perferendis repellat eaque facilis et perferendis.', 3, '2022-01-06 10:38:33', '2022-01-06 10:38:33'),
(63, 16, 'Mariana Zulauf', 'Dolorum eum ipsam est delectus iure incidunt nihil quam. Numquam nobis autem saepe aperiam.', 2, '2022-01-06 10:38:33', '2022-01-06 10:38:33'),
(64, 16, 'Prof. Imelda Dibbert PhD', 'Saepe laudantium cupiditate quod. Maxime dolorum ea at quidem ea. Quaerat exercitationem quas dolor dolore et ad eos.', 3, '2022-01-06 10:38:33', '2022-01-06 10:38:33'),
(65, 39, 'Missouri Hartmann', 'Unde ut enim eaque beatae ullam quam. Suscipit enim enim rem et. Harum ut totam sequi. Animi voluptas esse ut eos distinctio. Quia aliquam ut non molestiae reiciendis quasi.', 0, '2022-01-06 10:38:33', '2022-01-06 10:38:33'),
(66, 5, 'Dr. Forest Kertzmann DVM', 'Laudantium ut iusto illo rerum ullam magnam ea. Placeat corrupti totam cupiditate nisi. Quia aut ullam unde eum atque adipisci quia.', 3, '2022-01-06 10:38:33', '2022-01-06 10:38:33'),
(67, 30, 'Nya Kuhlman I', 'Ratione cumque deleniti nihil aspernatur. Rerum beatae omnis ad. Qui soluta error illum quod earum velit quia. Consequuntur quaerat omnis et cupiditate deserunt magnam nostrum.', 5, '2022-01-06 10:38:33', '2022-01-06 10:38:33'),
(68, 6, 'Fausto Champlin', 'Nam illo tempora deserunt. Expedita quibusdam non minima unde nulla aut. Occaecati quam ut ad veniam rerum.', 0, '2022-01-06 10:38:33', '2022-01-06 10:38:33'),
(69, 24, 'Deion Toy', 'Quisquam id porro placeat non aut. Exercitationem ad illum voluptatem ut voluptates modi. Voluptatem ut sint officiis a. Id odit sapiente accusantium exercitationem eos optio.', 3, '2022-01-06 10:38:33', '2022-01-06 10:38:33'),
(70, 20, 'Prof. Mack Smith IV', 'In eos non sed molestiae. Sit quis et doloremque quo sunt facilis aut similique. Nobis omnis pariatur consequatur quis maxime.', 3, '2022-01-06 10:38:33', '2022-01-06 10:38:33'),
(71, 46, 'Mariah Jacobson', 'A quia a adipisci deleniti officiis. Soluta ratione dicta velit quisquam quaerat vel. Perspiciatis inventore id beatae quas veniam.', 0, '2022-01-06 10:38:33', '2022-01-06 10:38:33'),
(72, 44, 'Tremayne Bradtke', 'Optio et sunt qui nobis. Ipsa culpa qui repellendus mollitia nesciunt illo alias error.', 0, '2022-01-06 10:38:33', '2022-01-06 10:38:33'),
(73, 24, 'Mr. Johan Murazik', 'Perspiciatis dolores et accusantium corporis qui unde mollitia ut. Quia rem dolores totam quasi. Explicabo voluptatem quia corrupti ea animi.', 1, '2022-01-06 10:38:33', '2022-01-06 10:38:33'),
(74, 47, 'Jamaal Heathcote', 'Cupiditate rerum distinctio non laudantium necessitatibus voluptas necessitatibus. Et ut hic omnis aliquam ipsa modi omnis. Eos sed minima quia fugit officiis. Debitis eos voluptatem expedita veritatis recusandae et qui non.', 2, '2022-01-06 10:38:33', '2022-01-06 10:38:33'),
(75, 40, 'Dr. Calista Kihn', 'Et tempora adipisci voluptas aliquam error repudiandae nisi qui. Necessitatibus maxime in numquam dolores sed velit.', 4, '2022-01-06 10:38:33', '2022-01-06 10:38:33'),
(76, 39, 'Prof. Brant Weissnat DVM', 'Voluptatum qui quo sed commodi voluptatem vel quod. Facere aliquam officia voluptatem sunt aut hic qui. Consequatur optio illum dolorem veritatis.', 0, '2022-01-06 10:38:33', '2022-01-06 10:38:33'),
(77, 25, 'Prof. Kole Brown', 'A ipsa recusandae in facere nam consectetur placeat nostrum. Libero optio aut velit error. Eaque aut omnis eos tenetur beatae dolorum inventore.', 1, '2022-01-06 10:38:33', '2022-01-06 10:38:33'),
(78, 16, 'Mrs. Marie Hand DDS', 'Exercitationem ut repellat ea nisi. Quo itaque distinctio et a qui rerum id. Et asperiores et dolorem perferendis eius. Iure in non laboriosam.', 1, '2022-01-06 10:38:33', '2022-01-06 10:38:33'),
(79, 21, 'Bonita Johnson', 'Vel maxime quisquam neque. Fugiat modi quos recusandae. Earum in sit maxime. Nam totam recusandae voluptatibus quod id voluptas.', 5, '2022-01-06 10:38:33', '2022-01-06 10:38:33'),
(80, 2, 'Mr. Landen Daugherty', 'Asperiores ducimus sunt nam cupiditate. Id esse ut ipsam officiis. Incidunt accusantium sequi consequuntur.', 5, '2022-01-06 10:38:33', '2022-01-06 10:38:33'),
(81, 33, 'Prof. Elsa Morar DVM', 'Laudantium ut voluptatum est est nisi. Minima delectus eum maiores asperiores itaque nobis consequatur. Expedita ab et autem a adipisci. Iusto magni qui eius ea accusantium.', 2, '2022-01-06 10:38:33', '2022-01-06 10:38:33'),
(82, 39, 'Raleigh Mante', 'Corporis soluta sint est molestias qui hic aut. Aut numquam dolores et assumenda nemo. Dicta vel at nostrum quos id. Sint adipisci dolorum et error velit soluta. Quis nobis quos officiis reprehenderit.', 5, '2022-01-06 10:38:33', '2022-01-06 10:38:33'),
(83, 19, 'Dr. Ahmed Klocko I', 'Eveniet non labore dolor sint doloremque in possimus. Perspiciatis ea facilis quia necessitatibus dolore. Ut quis inventore pariatur qui nam facilis dolor.', 2, '2022-01-06 10:38:33', '2022-01-06 10:38:33'),
(84, 14, 'Felipe Pfeffer', 'Culpa necessitatibus voluptatum eaque impedit est ut. Velit eum et voluptatibus laboriosam. Eos iusto dolorem perspiciatis eos. Exercitationem placeat ut dolore aut.', 5, '2022-01-06 10:38:33', '2022-01-06 10:38:33'),
(85, 31, 'Mrs. Kiarra Schowalter', 'Vitae velit quas quam quae eum dolor. Sunt id totam eaque. Cum labore doloribus nisi eveniet id. Aspernatur asperiores maxime quasi fugiat id.', 4, '2022-01-06 10:38:33', '2022-01-06 10:38:33'),
(86, 33, 'Aryanna Walsh', 'Dolores eos dicta excepturi ipsum sit assumenda. Rem est architecto rem sapiente sed accusamus. Itaque eligendi aut quos alias molestiae placeat. Maxime adipisci quidem est libero suscipit quia nemo. Accusantium facilis eos nam eligendi est eos corporis.', 3, '2022-01-06 10:38:33', '2022-01-06 10:38:33'),
(87, 20, 'Leonardo Adams III', 'Eius quo dolor perspiciatis blanditiis dolorem maiores quis nihil. Reiciendis qui quia eaque perferendis ad harum. Et deserunt quia temporibus labore ut omnis ut. Ut vel animi neque provident voluptates asperiores qui modi. Expedita in sequi accusamus quam quae.', 4, '2022-01-06 10:38:33', '2022-01-06 10:38:33'),
(88, 8, 'Timmothy Swaniawski Sr.', 'Eos officiis enim numquam ut rerum pariatur. Rem quis ipsa inventore qui dolore assumenda.', 3, '2022-01-06 10:38:33', '2022-01-06 10:38:33'),
(89, 11, 'Prof. Audreanne Murphy', 'Odit labore qui dicta. Excepturi corrupti suscipit ea vel sed architecto. Fuga cum deserunt dignissimos expedita eum provident aspernatur.', 3, '2022-01-06 10:38:33', '2022-01-06 10:38:33'),
(90, 8, 'Mrs. Elouise Medhurst', 'Molestiae et dolor distinctio provident aut placeat dolorum sit. Rerum architecto voluptatum omnis nulla quae blanditiis illo. Modi dolorem inventore dolor ipsam impedit commodi consectetur.', 5, '2022-01-06 10:38:33', '2022-01-06 10:38:33'),
(91, 40, 'Mrs. Alessia Howell', 'Ut aut molestias ipsa ut inventore. Eaque blanditiis labore maiores iste. Minus illo id quia. Sit ipsa sunt sed debitis temporibus incidunt sunt.', 1, '2022-01-06 10:38:33', '2022-01-06 10:38:33'),
(92, 35, 'June Lemke Sr.', 'Iure eum voluptatibus dicta assumenda deserunt culpa accusamus asperiores. Quod qui asperiores facere expedita nostrum. Perspiciatis voluptates autem ducimus amet labore temporibus voluptatibus.', 0, '2022-01-06 10:38:33', '2022-01-06 10:38:33'),
(93, 28, 'Delaney Dickens', 'Qui eos voluptatem porro et voluptatem eius. Quis ea autem ex excepturi adipisci laboriosam nihil. Ab quia quia accusantium vitae vitae deserunt ea. Sit voluptatem officia beatae quidem sunt. Temporibus sit est voluptatem dolores sint.', 2, '2022-01-06 10:38:33', '2022-01-06 10:38:33'),
(94, 39, 'Breana Gutmann', 'Aut velit non rerum occaecati reiciendis et. Ducimus iure nisi laboriosam a animi excepturi quia. Tempore voluptates eveniet voluptatem libero qui. Illo eaque mollitia repellendus et. Adipisci unde quia aperiam pariatur aut facere non totam.', 3, '2022-01-06 10:38:33', '2022-01-06 10:38:33'),
(95, 12, 'Odessa Rohan', 'Illum repudiandae nihil reiciendis libero officia totam molestias dolores. Sed cumque harum nihil impedit. Debitis earum exercitationem eos enim. Voluptatum molestiae sed natus debitis.', 4, '2022-01-06 10:38:33', '2022-01-06 10:38:33'),
(96, 49, 'Casandra Blanda', 'Fugit maxime sunt ratione in ut neque odit. Ducimus eum dicta esse aut non atque numquam itaque.', 4, '2022-01-06 10:38:33', '2022-01-06 10:38:33'),
(97, 22, 'Bethany Weissnat', 'Est molestiae itaque dicta illo. Odit rerum sunt ipsum ad. Cumque recusandae et quam maiores vel adipisci doloribus. At consectetur quo sed voluptates.', 1, '2022-01-06 10:38:33', '2022-01-06 10:38:33'),
(98, 25, 'Zita Nienow IV', 'Et quod at quia. Voluptate nobis itaque laudantium fugiat eligendi quod cupiditate dignissimos. Et saepe labore molestiae cum pariatur nobis quaerat maiores. Beatae laboriosam nihil ad et provident vero aut.', 1, '2022-01-06 10:38:33', '2022-01-06 10:38:33'),
(99, 19, 'Coty Schulist', 'Eligendi non est praesentium laboriosam quia magni autem. Et voluptatibus ratione quasi. Eum est rerum et quaerat.', 2, '2022-01-06 10:38:33', '2022-01-06 10:38:33'),
(100, 24, 'Annabell Lind', 'Ratione id est et et ut cumque. Iusto ea perspiciatis est accusantium. Est voluptatem eaque perspiciatis. Voluptatibus voluptatum dolor recusandae optio.', 5, '2022-01-06 10:38:33', '2022-01-06 10:38:33'),
(101, 18, 'Miss Marjorie Stehr', 'Corporis animi et perferendis. Aspernatur ad omnis harum labore fuga non et. Eum vel deleniti accusamus id. Sit nisi error natus architecto fuga non aut. Debitis in reprehenderit minima molestiae.', 2, '2022-01-06 10:38:33', '2022-01-06 10:38:33'),
(102, 29, 'Prof. Antone Simonis', 'Deserunt quam odio fuga expedita vitae sunt sit. Maiores fuga ea eaque sunt qui nemo. Et debitis ut a fugit qui est alias. Inventore sunt officiis non cupiditate optio iusto voluptates.', 3, '2022-01-06 10:38:33', '2022-01-06 10:38:33'),
(103, 10, 'Werner Lemke', 'Unde vero sequi quos eligendi omnis. Totam nam aut magnam accusantium. Voluptatem ratione et nesciunt veniam asperiores magni praesentium. Nostrum minima ea quibusdam nobis hic. Dolor voluptates reprehenderit nemo.', 1, '2022-01-06 10:38:33', '2022-01-06 10:38:33'),
(104, 24, 'Fabiola Mosciski Sr.', 'Laudantium voluptas ut veritatis. Corporis voluptas earum ea ad. Voluptates ullam est id impedit nisi. Et perspiciatis molestias omnis sed.', 3, '2022-01-06 10:38:33', '2022-01-06 10:38:33'),
(105, 11, 'Myra Sanford', 'Ea odio ducimus architecto dolores eveniet qui repudiandae asperiores. Nam a perferendis quisquam sed veritatis. Soluta similique aut similique commodi.', 5, '2022-01-06 10:38:33', '2022-01-06 10:38:33'),
(106, 17, 'Dr. Johnson Stiedemann DVM', 'Illo quia unde distinctio ut enim consequuntur. Molestiae ducimus adipisci accusamus ex impedit neque. Explicabo cupiditate quas ut quibusdam molestiae odio dolorum. Laboriosam quasi et praesentium sit accusamus.', 2, '2022-01-06 10:38:33', '2022-01-06 10:38:33'),
(107, 34, 'Sterling Boyer', 'Nostrum vitae blanditiis commodi reprehenderit expedita dolorem expedita esse. Sed fugit ut nihil pariatur quae error itaque.', 3, '2022-01-06 10:38:33', '2022-01-06 10:38:33'),
(108, 41, 'Madeline Walker', 'Non quaerat quidem consequuntur maxime et. Deserunt asperiores blanditiis vel hic aliquam ad distinctio. Cumque quia sunt qui magnam deleniti atque reprehenderit.', 3, '2022-01-06 10:38:33', '2022-01-06 10:38:33'),
(109, 21, 'Jorge Miller', 'Voluptas rem ipsum omnis nihil velit. Earum dicta deserunt deserunt veritatis eligendi sapiente ex. Reiciendis et quia id beatae et. Pariatur dolores nulla aut voluptatem.', 0, '2022-01-06 10:38:33', '2022-01-06 10:38:33'),
(110, 43, 'Modesta Lueilwitz II', 'Architecto at reprehenderit quia ducimus totam deleniti. Quod et provident consequatur sapiente. Quaerat dolore velit culpa deserunt aut reprehenderit.', 3, '2022-01-06 10:38:33', '2022-01-06 10:38:33'),
(111, 9, 'Travis Jacobson', 'Quod omnis esse molestias eum minus quis omnis. Et repudiandae reprehenderit sunt laborum temporibus vel at. Et sed rerum repudiandae delectus quae. Nam ut voluptatibus itaque voluptatum modi ut.', 0, '2022-01-06 10:38:33', '2022-01-06 10:38:33'),
(112, 27, 'Gilda Hand', 'Consequatur dolorum in id vel occaecati molestiae. Et et praesentium aspernatur laborum error et voluptatem. Accusamus qui odit facilis commodi omnis dolorum aspernatur.', 3, '2022-01-06 10:38:33', '2022-01-06 10:38:33'),
(113, 24, 'Keara Pfeffer', 'Voluptatem eius voluptatem soluta beatae ducimus officia totam. Odio commodi amet quos. Fuga sed non adipisci fugiat ex commodi eaque. Repellat quia deserunt perspiciatis quo velit.', 3, '2022-01-06 10:38:33', '2022-01-06 10:38:33'),
(114, 12, 'Vada Block', 'Eius harum excepturi provident explicabo necessitatibus. Ipsam odio laboriosam fugit quo sit voluptatem ut. Dolor sed ea autem sit optio qui.', 3, '2022-01-06 10:38:33', '2022-01-06 10:38:33'),
(115, 26, 'Santino Koss', 'Labore eligendi dolorum voluptas sed. Atque in id nulla et ab omnis. Ex nulla cumque veniam asperiores eligendi nulla ex ut.', 3, '2022-01-06 10:38:33', '2022-01-06 10:38:33'),
(116, 39, 'Mrs. Lura Nicolas I', 'Voluptas reprehenderit debitis sit qui nemo. Architecto sint alias in.', 0, '2022-01-06 10:38:33', '2022-01-06 10:38:33'),
(117, 6, 'Verda Gutkowski', 'Non nihil eveniet at cumque occaecati. Voluptates nobis dolor sint provident in ut. Similique culpa asperiores vel voluptatem et nobis. Sunt aliquid fugiat consequuntur esse ea sed corrupti non.', 1, '2022-01-06 10:38:33', '2022-01-06 10:38:33'),
(118, 4, 'Dr. Elena Koss IV', 'Commodi aut sunt deleniti doloremque. Sed eos quis aut voluptas et et qui. Molestiae esse repellendus quis quia quibusdam. Animi illo aut magni ipsum.', 3, '2022-01-06 10:38:33', '2022-01-06 10:38:33'),
(119, 9, 'Dennis Kub', 'Ut repudiandae amet sit doloribus qui tempore. Rerum ducimus corrupti ipsa officiis qui commodi aut. Dolores labore amet sunt vel ex et veritatis eos. Totam quas voluptate voluptas eos autem iure tempore.', 4, '2022-01-06 10:38:33', '2022-01-06 10:38:33'),
(120, 36, 'Mrs. Nikki Nikolaus', 'Quis aut eos molestias dolores recusandae ullam quam. Tempora voluptas et ea.', 1, '2022-01-06 10:38:33', '2022-01-06 10:38:33'),
(121, 43, 'Olin Zieme', 'Qui sunt sit nemo dicta animi natus asperiores possimus. Praesentium illo incidunt suscipit fugit ea officiis voluptatibus. Nihil sint ut quam porro reiciendis.', 4, '2022-01-06 10:38:33', '2022-01-06 10:38:33'),
(122, 36, 'Makenna Ferry', 'Magnam nihil dolores similique quis sit. Dolorum non eos libero eveniet fugit. Labore eum sunt sunt eos sed. Laborum ut qui accusantium.', 3, '2022-01-06 10:38:33', '2022-01-06 10:38:33'),
(123, 48, 'Ms. Hermina Keebler DVM', 'Commodi quaerat officiis sed voluptates sit. Repellendus veritatis dicta qui pariatur odit odit. Saepe excepturi eligendi voluptatibus et fugit et. Modi deserunt id dolorum dolorem reprehenderit voluptatem.', 4, '2022-01-06 10:38:33', '2022-01-06 10:38:33'),
(124, 45, 'Margot Daugherty', 'Cupiditate consequatur sed consectetur fugit. Ipsam dolores sed commodi quo. Consequatur cum beatae aut esse.', 1, '2022-01-06 10:38:33', '2022-01-06 10:38:33'),
(125, 34, 'Holden Hoppe V', 'Reiciendis accusamus exercitationem omnis dolorem. Facere quibusdam repellat eum quo. Et ipsam corrupti facere reprehenderit.', 0, '2022-01-06 10:38:33', '2022-01-06 10:38:33'),
(126, 20, 'Daisy Wolff', 'Eos omnis quo porro sunt sit quam quibusdam pariatur. Aut hic reiciendis ea magnam aut at itaque quisquam.', 3, '2022-01-06 10:38:33', '2022-01-06 10:38:33'),
(127, 20, 'Cheyanne Kohler', 'Nostrum sint vero et inventore. Aliquam sapiente eaque in voluptatum itaque est perferendis. Ipsum quia vel vel sunt.', 1, '2022-01-06 10:38:33', '2022-01-06 10:38:33'),
(128, 42, 'Dr. Tyshawn Rogahn MD', 'Ipsa rerum et rem velit. Consequatur ut odio rem labore earum error nostrum cupiditate. Nisi quis dicta ullam ducimus voluptas voluptas praesentium.', 5, '2022-01-06 10:38:33', '2022-01-06 10:38:33'),
(129, 35, 'Prof. Angelita Stark', 'Rerum quos consequatur eligendi animi qui. Quia voluptatum eos ea odit ad repudiandae sit autem. Cupiditate asperiores qui est iste nam consequatur officia. Non sed illum quibusdam nihil ab. Sunt delectus eaque consequatur quis dolorem porro accusantium.', 5, '2022-01-06 10:38:33', '2022-01-06 10:38:33'),
(130, 35, 'Prof. Watson Satterfield', 'Minus deserunt voluptates odio eius animi explicabo. Assumenda saepe nemo consequatur quibusdam suscipit reprehenderit. Accusantium voluptatem numquam dolore sunt ullam quibusdam. Accusamus voluptas omnis dolorem nisi. Reprehenderit est et excepturi itaque ullam voluptatum aut tempora.', 1, '2022-01-06 10:38:33', '2022-01-06 10:38:33'),
(131, 42, 'Robin Jakubowski', 'Omnis a repudiandae reiciendis accusamus expedita. Dignissimos doloremque ea reprehenderit adipisci. Quas rerum perferendis aut et qui inventore est voluptas. Ipsa doloremque tempora et et eaque.', 1, '2022-01-06 10:38:33', '2022-01-06 10:38:33'),
(132, 3, 'Valerie Durgan', 'Minima consequuntur cupiditate sunt nam. Omnis quidem quidem fugit perferendis dolore aut aut. Non quis pariatur porro dolorum. Voluptatum quo qui voluptates error.', 5, '2022-01-06 10:38:33', '2022-01-06 10:38:33'),
(133, 3, 'Rey Schimmel', 'Quos incidunt natus ex reiciendis quis quam. Non sunt quae provident et in. In aut deserunt eveniet ducimus cumque aut.', 1, '2022-01-06 10:38:33', '2022-01-06 10:38:33'),
(134, 36, 'Brannon Grimes', 'Aut id minima ratione porro. Accusantium architecto ut deserunt dicta tempora in.', 0, '2022-01-06 10:38:33', '2022-01-06 10:38:33'),
(135, 24, 'Priscilla Leuschke Jr.', 'Corrupti voluptas aspernatur quia natus voluptatum corporis ut at. Sapiente sed est velit quia et ut iusto.', 2, '2022-01-06 10:38:33', '2022-01-06 10:38:33'),
(136, 30, 'Jarrod Rutherford', 'Et itaque voluptas maxime ad. Sequi consectetur aut adipisci nulla inventore accusantium. Quia voluptas laborum quidem soluta voluptate.', 0, '2022-01-06 10:38:33', '2022-01-06 10:38:33'),
(137, 36, 'Dr. Marshall McGlynn', 'Ipsam nobis voluptas est quas aut necessitatibus. Optio dolorum id et aliquam optio. Qui sit perferendis nulla hic eveniet eos laudantium excepturi. Nihil ipsam ad odit qui saepe.', 0, '2022-01-06 10:38:33', '2022-01-06 10:38:33'),
(138, 36, 'Prof. Delaney Gibson', 'Aperiam nesciunt sunt assumenda sit cumque. Fuga et doloremque aliquid ipsam. Adipisci ex nihil qui et est consectetur sed. Asperiores numquam voluptas quia reprehenderit dolorem occaecati.', 3, '2022-01-06 10:38:33', '2022-01-06 10:38:33'),
(139, 14, 'Dr. Donna Emard', 'Nihil quis assumenda id facilis vel laborum. Quas unde non ipsum reiciendis dolor ab officia expedita. Cum laudantium quasi at a dolores. Sit repudiandae corporis adipisci et.', 4, '2022-01-06 10:38:33', '2022-01-06 10:38:33'),
(140, 24, 'Asia Jones', 'Voluptatem voluptatibus ducimus rerum. Harum eum in eligendi veritatis praesentium voluptas fugiat. Eligendi exercitationem nihil non hic eum quia saepe.', 0, '2022-01-06 10:38:33', '2022-01-06 10:38:33'),
(141, 13, 'Roberta Douglas', 'Nisi quia amet at reprehenderit commodi. Perspiciatis mollitia mollitia aliquid ipsam.', 4, '2022-01-06 10:38:33', '2022-01-06 10:38:33'),
(142, 45, 'Dahlia Kassulke DDS', 'Ex consequuntur est ex odit qui. Sint qui incidunt saepe unde facilis. Officiis ut sint harum blanditiis saepe illo sed modi.', 1, '2022-01-06 10:38:33', '2022-01-06 10:38:33'),
(143, 28, 'Vivian Lehner', 'Sit mollitia animi omnis tenetur aut cupiditate maxime repudiandae. Magni similique nemo optio dicta iusto voluptatem est. Laboriosam ducimus aut qui unde minima quis impedit. Qui culpa facere eos possimus quia dolores et odit.', 5, '2022-01-06 10:38:33', '2022-01-06 10:38:33'),
(144, 24, 'Sammie Wintheiser', 'Fugit ex corporis eos et occaecati. Temporibus rerum iure quia a aspernatur quia dolorem error. Incidunt quos pariatur reiciendis. Consequatur libero illo voluptatibus sed dolore.', 3, '2022-01-06 10:38:33', '2022-01-06 10:38:33'),
(145, 4, 'Wilson Farrell', 'Ex animi tenetur libero ipsa. Eum enim cum repellendus accusantium autem cum. Perferendis quaerat tempore atque id ipsa.', 5, '2022-01-06 10:38:33', '2022-01-06 10:38:33'),
(146, 9, 'Shanon Swift', 'Nesciunt in molestias voluptatibus porro. Rerum cumque ut vel quidem quis in laudantium. Repellendus cupiditate incidunt hic sunt. Harum soluta hic amet nemo velit aut sequi at.', 0, '2022-01-06 10:38:33', '2022-01-06 10:38:33'),
(147, 30, 'Evans Kautzer', 'Placeat incidunt laudantium ut aut a. Et harum delectus nostrum laboriosam quia. Voluptatem est ipsum in ipsam dolorem est enim. Nobis molestiae ea quis voluptas molestias voluptas voluptatum.', 4, '2022-01-06 10:38:33', '2022-01-06 10:38:33'),
(148, 19, 'Prof. Casimer Hudson Jr.', 'Voluptatem aut quo ut rerum debitis. Praesentium cum sint aut voluptas illo provident quisquam. Perferendis consectetur vel dolores rem et nihil ad corrupti. Harum aut ut et.', 0, '2022-01-06 10:38:33', '2022-01-06 10:38:33'),
(149, 17, 'Johnpaul Franecki', 'Voluptas illo occaecati quidem autem qui. Maxime iure dolorem ut et. Nulla molestias ut eum tempora aliquam totam. A mollitia amet iure aut a quia.', 5, '2022-01-06 10:38:33', '2022-01-06 10:38:33'),
(150, 47, 'Shanon Waelchi I', 'Et omnis doloribus et ipsum quisquam ipsam. Numquam iste consequuntur est. Eius vitae et qui dolor architecto sed eum. Et possimus dolore voluptas vel non.', 4, '2022-01-06 10:38:33', '2022-01-06 10:38:33'),
(151, 27, 'Hassie Bartell', 'Qui quis nemo doloremque libero dolorum aut distinctio voluptas. Molestias dolorum nam quidem. Et enim ullam officia reiciendis facilis. Vel aliquid deleniti illo eos beatae facilis qui.', 0, '2022-01-06 10:38:33', '2022-01-06 10:38:33'),
(152, 32, 'Miss Laurianne Fahey', 'Ipsum quaerat dolor sed nobis fuga libero tempore eligendi. Exercitationem aliquam a sunt sit quo. Et nisi sit sequi qui distinctio autem.', 4, '2022-01-06 10:38:33', '2022-01-06 10:38:33'),
(153, 40, 'Dorothea Quigley', 'Magnam est odit veniam eaque officia illo consequatur facere. Commodi recusandae voluptatem ullam nostrum. Consequuntur sint aut est quidem eveniet dolorem ut natus. Vel ut earum facilis numquam voluptatem natus suscipit.', 3, '2022-01-06 10:38:33', '2022-01-06 10:38:33'),
(154, 16, 'Rita Schiller V', 'Vel facere odit exercitationem voluptatem. Beatae corrupti deleniti ipsam eveniet qui reprehenderit. Assumenda voluptate repellendus perferendis sunt similique et aspernatur.', 1, '2022-01-06 10:38:33', '2022-01-06 10:38:33'),
(155, 26, 'Dallas Graham', 'Dolores aut nulla similique magnam. Vero ut quia numquam reiciendis. At dicta dolor eos consequatur.', 1, '2022-01-06 10:38:33', '2022-01-06 10:38:33'),
(156, 43, 'Alia Cronin DVM', 'Dignissimos voluptas deserunt asperiores officia. Nihil repellendus enim in iusto quia dolorem illo sed. Quam enim qui laboriosam nemo non consequatur expedita.', 4, '2022-01-06 10:38:33', '2022-01-06 10:38:33'),
(157, 37, 'Ariel Zboncak', 'Tempore non cupiditate eveniet ad quasi. Ipsam molestiae et ad ipsa nisi libero iure. Et cumque et labore sed ut. Tempore quod sequi exercitationem itaque dolores qui.', 1, '2022-01-06 10:38:33', '2022-01-06 10:38:33'),
(158, 22, 'Velma Balistreri', 'Labore quis qui sit error quidem dolores. Animi ea eos cumque quia neque minima.', 4, '2022-01-06 10:38:33', '2022-01-06 10:38:33'),
(159, 3, 'Jakob Ziemann', 'Non omnis enim reprehenderit ut autem minus ducimus. Magni tempora expedita unde illum quaerat impedit sed. Saepe aliquam hic autem eius autem veniam ex. Repudiandae voluptas iure quod non.', 2, '2022-01-06 10:38:33', '2022-01-06 10:38:33'),
(160, 15, 'Mr. Darryl Considine', 'Officiis a accusamus officiis reiciendis explicabo. Eaque corrupti et et veritatis. Facere et ut velit impedit. Mollitia et facilis sit nemo.', 3, '2022-01-06 10:38:33', '2022-01-06 10:38:33'),
(161, 33, 'Myrna Feest', 'Hic sed odio debitis deserunt et. Impedit qui quisquam soluta sapiente. Assumenda libero earum quia possimus. Sit quia et aperiam.', 4, '2022-01-06 10:38:33', '2022-01-06 10:38:33'),
(162, 22, 'Shawn Lesch', 'Dolorum porro nihil tenetur commodi voluptatem quibusdam. Architecto non fugit doloribus ex enim consequatur tenetur. Ut et aut quidem impedit. Molestiae deserunt repellendus et et exercitationem eum.', 3, '2022-01-06 10:38:33', '2022-01-06 10:38:33'),
(163, 35, 'Prof. Joannie King PhD', 'Alias aspernatur tenetur doloribus fuga et. Fugit commodi nemo non illum. Quod id similique voluptas quasi illum nostrum.', 0, '2022-01-06 10:38:33', '2022-01-06 10:38:33'),
(164, 36, 'Effie Mueller', 'Voluptas sit non debitis voluptatem repellendus voluptatem odio. Id dignissimos voluptas repellendus iusto nulla. Nostrum ad nostrum cum illo quia enim deserunt molestias. Saepe velit pariatur ut necessitatibus dolores molestiae qui.', 0, '2022-01-06 10:38:33', '2022-01-06 10:38:33'),
(165, 21, 'Mr. Derrick Cruickshank', 'Et qui veniam molestiae reprehenderit pariatur eos cum laudantium. Maiores nam doloremque reiciendis nisi cupiditate. Laboriosam iure enim dignissimos tempore magnam assumenda iusto. Ipsam quibusdam sapiente at et ullam.', 4, '2022-01-06 10:38:33', '2022-01-06 10:38:33'),
(166, 23, 'Melba Bergnaum', 'Omnis asperiores iusto dolorem quod aliquid et assumenda. Consequuntur iusto dolorem accusamus dignissimos consequatur et quidem. Vel optio fugiat ipsum ut ipsa quidem iste. Reprehenderit eum perferendis sapiente. Omnis eum ducimus nobis autem corporis.', 3, '2022-01-06 10:38:33', '2022-01-06 10:38:33'),
(167, 13, 'Prof. Yadira Crooks PhD', 'Quaerat a architecto corrupti illo. Expedita eum voluptatibus eaque qui assumenda magni voluptate. Quod sed ad ut debitis sit. Et vel quis dolores molestias.', 1, '2022-01-06 10:38:33', '2022-01-06 10:38:33'),
(168, 29, 'Angelita McLaughlin', 'Et et sed omnis. Quas recusandae dolores recusandae sunt. Voluptatem in distinctio molestias perferendis corporis est.', 2, '2022-01-06 10:38:33', '2022-01-06 10:38:33'),
(169, 12, 'Gina Jerde', 'Id rerum omnis temporibus non sit. Cumque blanditiis quo et possimus totam vitae. Voluptatum tenetur tempora error optio vero. Id saepe maiores rem sit praesentium atque aut et.', 5, '2022-01-06 10:38:33', '2022-01-06 10:38:33'),
(170, 49, 'Rex Sporer', 'Et aliquam error aspernatur officia ut ullam. Itaque voluptates minus rerum et aspernatur. Molestiae et consequuntur debitis distinctio. Qui nobis minima velit tenetur enim ea.', 0, '2022-01-06 10:38:33', '2022-01-06 10:38:33'),
(171, 26, 'Clinton Keeling DVM', 'Sunt repellat pariatur magni sed tempore. Illo voluptatum nulla aut nulla incidunt. Est alias enim et assumenda minima non nobis. Tempora officia ratione placeat.', 5, '2022-01-06 10:38:33', '2022-01-06 10:38:33'),
(172, 7, 'Emmanuelle King DDS', 'Est magni et libero dolor deserunt nisi non. Quidem aut ut quae repellat totam ut et molestias. Inventore omnis necessitatibus consequatur nihil eos deleniti quis vel.', 2, '2022-01-06 10:38:33', '2022-01-06 10:38:33'),
(173, 9, 'Prof. Adrian Schmeler', 'Placeat numquam et sit consequatur exercitationem voluptatem est optio. Expedita et aliquid quisquam suscipit et recusandae reprehenderit. Repudiandae et officia vel illum sed minus voluptatem. Expedita id necessitatibus tempore.', 2, '2022-01-06 10:38:33', '2022-01-06 10:38:33'),
(174, 19, 'Dr. Alda Aufderhar', 'Voluptatem et earum placeat et et est. In qui placeat quisquam fuga sed. Praesentium et est qui voluptatum vero dignissimos. Quod laborum non et.', 5, '2022-01-06 10:38:33', '2022-01-06 10:38:33'),
(175, 17, 'Prof. Kieran Stokes Sr.', 'Eveniet et et aut quisquam. Accusamus dolores provident et sit. Sunt dolor harum delectus quo ut libero. Est eos magni labore sed et est.', 5, '2022-01-06 10:38:33', '2022-01-06 10:38:33'),
(176, 16, 'Marjorie Tromp', 'Dolorem saepe minima soluta voluptate. Nemo praesentium eveniet reprehenderit esse qui eaque sit. Eum pariatur amet itaque.', 0, '2022-01-06 10:38:33', '2022-01-06 10:38:33'),
(177, 30, 'Kenna Schimmel', 'Sit ipsum rerum est aut explicabo voluptatum. Est est officia ut sequi sunt cupiditate. Voluptas sunt debitis illum reiciendis expedita impedit voluptas.', 1, '2022-01-06 10:38:33', '2022-01-06 10:38:33'),
(178, 26, 'Sibyl Koss', 'Veritatis ullam est aut nihil exercitationem non. Mollitia dicta voluptate et rerum. Facere ad amet dolores in.', 5, '2022-01-06 10:38:33', '2022-01-06 10:38:33'),
(179, 15, 'Dayana Reynolds', 'Quo similique explicabo suscipit quis unde earum. Minus possimus nostrum quia eaque facilis. Voluptatibus eos laudantium officiis tempora.', 5, '2022-01-06 10:38:33', '2022-01-06 10:38:33'),
(180, 9, 'Humberto Kertzmann Sr.', 'Ipsa mollitia facere libero et placeat. Non vel corporis natus eos soluta. Commodi maiores aut labore possimus excepturi sunt. Eaque sequi cupiditate consequatur nulla voluptatem odit eos.', 2, '2022-01-06 10:38:33', '2022-01-06 10:38:33'),
(181, 27, 'Paula Walker', 'Voluptas sed quis dolorum excepturi architecto est esse. Quo earum laudantium incidunt commodi qui ut. Ut blanditiis et ab non consequatur minima.', 1, '2022-01-06 10:38:33', '2022-01-06 10:38:33'),
(182, 12, 'Nicolas Kris', 'Aperiam assumenda exercitationem est animi earum. Accusamus sint et ipsum libero et. Mollitia excepturi explicabo sint reiciendis deserunt ab reiciendis harum.', 2, '2022-01-06 10:38:33', '2022-01-06 10:38:33'),
(183, 14, 'Mr. Brannon Braun I', 'Eum amet minima voluptatem iste enim. Perferendis voluptas corporis est ut ad blanditiis et possimus. Repellat sit et officia ea maxime.', 3, '2022-01-06 10:38:33', '2022-01-06 10:38:33'),
(184, 45, 'Miss Flossie Wolff', 'Ipsam et voluptas voluptatem aliquam sapiente. Odit facere cupiditate nihil voluptatem maiores similique minima. Ducimus sit placeat libero necessitatibus odit. Saepe sit rem quas quo sit ut omnis iusto.', 5, '2022-01-06 10:38:33', '2022-01-06 10:38:33'),
(185, 50, 'Pierce Orn', 'Velit sunt veniam sit sequi veniam. Aut labore voluptatem reiciendis. Vel aut eveniet sed. Provident itaque omnis perferendis.', 1, '2022-01-06 10:38:33', '2022-01-06 10:38:33'),
(186, 15, 'Ted Reinger', 'Ut earum quo sed qui. Nobis qui optio aspernatur nemo repellendus. Impedit voluptatem et debitis eveniet consequatur illo. Dicta iste accusantium maiores soluta accusantium consequatur.', 4, '2022-01-06 10:38:33', '2022-01-06 10:38:33'),
(187, 31, 'Ms. Bonnie Koch', 'Ea dolor aperiam autem sint possimus et modi. Quos expedita praesentium repudiandae fugiat non. Provident animi dicta eos quia aliquam officiis molestiae.', 3, '2022-01-06 10:38:33', '2022-01-06 10:38:33'),
(188, 25, 'Dr. Verdie Lynch', 'Maxime voluptatem voluptatibus maiores est voluptas aut omnis. Ut vitae optio rerum non pariatur ab et. Id sunt sit eos quasi eligendi iure reiciendis. Iure culpa sint ad eligendi.', 1, '2022-01-06 10:38:33', '2022-01-06 10:38:33'),
(189, 21, 'Casimer Barton', 'Ea quis facilis earum earum quo sit blanditiis. Vel aut et qui odit libero sunt. Officiis saepe aperiam assumenda quia magnam.', 5, '2022-01-06 10:38:33', '2022-01-06 10:38:33'),
(190, 6, 'Anna Cummings Jr.', 'Accusamus molestiae tempora esse quisquam. Et quam labore provident. Aut iure inventore rem pariatur vitae voluptates magnam. Consequatur corrupti qui distinctio aut nihil sit.', 4, '2022-01-06 10:38:33', '2022-01-06 10:38:33'),
(191, 16, 'Heidi Dicki MD', 'Sed placeat sapiente officia incidunt veritatis esse illum. Dicta veniam enim voluptatem aut quas. Est accusantium autem sapiente ut labore laborum.', 5, '2022-01-06 10:38:33', '2022-01-06 10:38:33'),
(192, 24, 'Ms. Lupe Kutch', 'Culpa architecto cum animi quia unde. Nobis autem autem ipsum rem ipsa aut maiores. Mollitia nulla nesciunt odit qui deleniti numquam illum.', 0, '2022-01-06 10:38:33', '2022-01-06 10:38:33'),
(193, 23, 'Dr. Alyce Greenholt MD', 'Ea neque nam quae enim sit ex similique. At provident doloremque eum ab. Quibusdam et atque consequatur ut cum labore quis. Quisquam reprehenderit qui sint et ut asperiores officia. Similique rerum et excepturi aperiam modi.', 2, '2022-01-06 10:38:33', '2022-01-06 10:38:33'),
(194, 13, 'Antonio Marvin', 'Quibusdam repellat ut quos temporibus. Itaque quo suscipit repellendus sunt. Iusto impedit ea consequatur assumenda odit. Esse dolorum autem dicta id. Iusto possimus placeat sint.', 0, '2022-01-06 10:38:33', '2022-01-06 10:38:33'),
(195, 14, 'Dr. Luis Hane Sr.', 'Et odio suscipit vel aliquid quam distinctio. Aut corrupti quisquam id consectetur est facere. Illo quas asperiores est molestias et. Consequuntur ducimus nulla veritatis molestias culpa et. Delectus rerum et aliquam porro non.', 0, '2022-01-06 10:38:33', '2022-01-06 10:38:33'),
(196, 26, 'Garland Jast', 'Ea sed perferendis numquam corrupti. Sit provident omnis voluptatem quis eos commodi. Dolores fugiat animi aperiam commodi dolores explicabo tenetur.', 1, '2022-01-06 10:38:33', '2022-01-06 10:38:33'),
(197, 23, 'Grace Waters Jr.', 'Dolor voluptatem ut earum dolorem enim. Dicta praesentium dolor nemo et perferendis quas.', 5, '2022-01-06 10:38:33', '2022-01-06 10:38:33'),
(198, 12, 'Prof. Alta Hamill PhD', 'Ea non accusantium odit culpa. Soluta quo tempore deserunt. Exercitationem aut suscipit commodi iure dignissimos.', 0, '2022-01-06 10:38:33', '2022-01-06 10:38:33'),
(199, 45, 'Katlynn Gibson', 'Eius aspernatur quos dolores optio inventore officiis non animi. Mollitia voluptatem iure voluptatem est necessitatibus. Corporis hic dolore fugit suscipit. Natus est sequi voluptatem sint.', 0, '2022-01-06 10:38:33', '2022-01-06 10:38:33'),
(200, 23, 'Dimitri Lehner DDS', 'Optio nostrum sit vel numquam. Ea eum quibusdam ea doloremque est asperiores labore. Sed aut iusto ea consequatur.', 0, '2022-01-06 10:38:33', '2022-01-06 10:38:33'),
(201, 24, 'Omer Shanahan', 'Beatae sunt dolorum eligendi perferendis quasi dolorem pariatur praesentium. Exercitationem et et et natus eum corporis. Est ab quia veniam autem quam necessitatibus odit. Harum et error et architecto eligendi voluptate.', 5, '2022-01-06 10:38:33', '2022-01-06 10:38:33'),
(202, 11, 'Leda Harris', 'Voluptatem perspiciatis nihil earum est repellat praesentium. Ea sint eligendi in quis nesciunt possimus. Aliquid sed cupiditate eius.', 2, '2022-01-06 10:38:33', '2022-01-06 10:38:33'),
(203, 38, 'Edmund Hickle DVM', 'Dolores voluptatum non nemo est enim cupiditate. Voluptatem eos repudiandae id illo. Eveniet pariatur quaerat iure inventore iste qui. Iusto voluptate voluptas deserunt neque ullam vel quasi.', 2, '2022-01-06 10:38:33', '2022-01-06 10:38:33'),
(204, 48, 'Stewart Pouros', 'Error illo omnis quisquam eius earum. Distinctio labore sit similique debitis possimus quia consequatur. Aliquam dolore sint quis similique. Doloribus cumque et sit fugit id ex.', 2, '2022-01-06 10:38:33', '2022-01-06 10:38:33'),
(205, 9, 'Amy Brakus', 'Distinctio et dignissimos dolor sint vel dolorem sit. Deleniti aut dolorem commodi accusantium explicabo nostrum vitae. Ad qui ab dolores dignissimos. Magni aut soluta iure architecto quae odit.', 2, '2022-01-06 10:38:33', '2022-01-06 10:38:33'),
(206, 20, 'Kaleb Okuneva II', 'Inventore officia sit adipisci sit similique. Consectetur voluptas ut exercitationem veniam sit veritatis. Et dolorum ullam culpa et dignissimos. Quia dolores omnis dolore exercitationem facere.', 1, '2022-01-06 10:38:33', '2022-01-06 10:38:33');
INSERT INTO `reviews` (`id`, `product_id`, `customer`, `review`, `star`, `created_at`, `updated_at`) VALUES
(207, 20, 'Olaf Gorczany', 'At saepe sunt beatae totam saepe ducimus. Placeat dicta fugiat quo eaque facilis aperiam.', 0, '2022-01-06 10:38:33', '2022-01-06 10:38:33'),
(208, 1, 'Giovanni Hagenes', 'Ratione aut ut a omnis minus. Voluptatibus adipisci fuga quisquam aut velit consequatur. Quia qui odio vel est sint libero.', 2, '2022-01-06 10:38:33', '2022-01-06 10:38:33'),
(209, 40, 'Jeanette Hettinger PhD', 'Deserunt est rerum iste est in omnis. Suscipit sint molestiae autem. At quo et aut quisquam.', 5, '2022-01-06 10:38:33', '2022-01-06 10:38:33'),
(210, 28, 'Berta Tremblay', 'Aut ut deserunt ut optio labore autem. Quae ut ducimus enim quasi. Et in corrupti doloremque.', 3, '2022-01-06 10:38:33', '2022-01-06 10:38:33'),
(211, 50, 'Ms. Stefanie Sawayn DVM', 'Maxime voluptatibus et voluptas ea eum. Quas provident et eum sapiente ratione sed. Aspernatur rerum nulla dicta eos consequatur.', 4, '2022-01-06 10:38:33', '2022-01-06 10:38:33'),
(212, 40, 'Madie Weissnat', 'Dicta atque unde eligendi quia officiis aut. Aut dolorum ea voluptas omnis consequuntur eius. Omnis quae beatae autem earum rerum. Perspiciatis rerum dolorum officiis error consequuntur ut. Accusamus voluptates magnam quae quae itaque exercitationem ut.', 1, '2022-01-06 10:38:33', '2022-01-06 10:38:33'),
(213, 13, 'Nicholaus Cummings', 'Repellat laboriosam quia ut magnam animi non. Qui consequatur ab dolorem sed maxime.', 0, '2022-01-06 10:38:33', '2022-01-06 10:38:33'),
(214, 13, 'Ms. Reyna Hamill MD', 'Sit quibusdam nobis quas et. Aut natus vitae ut est ipsa maiores. Quos odit accusamus officiis illum facere.', 1, '2022-01-06 10:38:33', '2022-01-06 10:38:33'),
(215, 7, 'Dr. Raphael Wisoky', 'Optio animi ut repudiandae officiis sapiente iste. Optio repudiandae adipisci dolorem sed ut dolores.', 5, '2022-01-06 10:38:33', '2022-01-06 10:38:33'),
(216, 16, 'Domenica Abernathy', 'Sint debitis fuga iure dolorem consequatur non nisi aperiam. Ut dignissimos sit magnam blanditiis. Ullam aliquid incidunt est eos corporis laborum sequi.', 3, '2022-01-06 10:38:33', '2022-01-06 10:38:33'),
(217, 31, 'Dr. Theodore Armstrong IV', 'Deleniti facilis accusamus reprehenderit ut. Et ipsum unde ut optio ipsum. Aliquam odit ex neque vero eius in maxime.', 4, '2022-01-06 10:38:33', '2022-01-06 10:38:33'),
(218, 31, 'Justine Bergnaum', 'Voluptatibus consequatur ullam enim atque qui deleniti. Quidem eos voluptatum corporis veniam aperiam officia animi. Vitae mollitia recusandae qui adipisci. Id quos animi assumenda autem repellendus dolores animi et. Ut accusantium quia qui esse.', 0, '2022-01-06 10:38:33', '2022-01-06 10:38:33'),
(219, 42, 'Garnet Nicolas III', 'Debitis ut aut eligendi velit blanditiis expedita veritatis et. Aut non qui eaque sit facere dolores nobis. Quaerat distinctio deleniti incidunt enim repellat aliquam. Aut quia saepe ratione delectus earum.', 5, '2022-01-06 10:38:33', '2022-01-06 10:38:33'),
(220, 39, 'Gregorio Bergnaum', 'Dolor facilis delectus quia error eligendi deserunt quo. Eaque neque ipsa molestias at. Cum est minus natus. Veniam quaerat iure alias dolorem quia voluptatem.', 2, '2022-01-06 10:38:33', '2022-01-06 10:38:33'),
(221, 10, 'Ariel Renner DDS', 'Eos quas tenetur molestiae ad delectus voluptas. Voluptatem vero iure excepturi velit. Eum dolorum similique consequatur ipsum voluptates alias.', 3, '2022-01-06 10:38:33', '2022-01-06 10:38:33'),
(222, 38, 'Ms. Edythe Collins', 'Et natus repudiandae et nobis possimus necessitatibus quo. Odit est et ipsam et labore enim reiciendis ut. Est et excepturi maxime saepe. Rem magni similique voluptatem consequatur.', 0, '2022-01-06 10:38:33', '2022-01-06 10:38:33'),
(223, 18, 'Donald Haley', 'Nisi vero id est inventore maxime possimus exercitationem. Odio sint sunt adipisci nihil sit sunt non consequatur. Ullam in quibusdam harum quo velit aliquam blanditiis.', 0, '2022-01-06 10:38:33', '2022-01-06 10:38:33'),
(224, 11, 'Dr. Sim Anderson IV', 'Dolor fugit sed sed iste quod dolorem. Assumenda eaque laboriosam aut magnam eveniet culpa. Enim tempore aut ad accusantium earum qui delectus. Quos ea harum sunt ipsum quas.', 4, '2022-01-06 10:38:33', '2022-01-06 10:38:33'),
(225, 27, 'Dr. Monserrate Sawayn', 'Praesentium ullam illum veritatis repudiandae sit sunt. Qui recusandae animi dolorum quaerat incidunt facilis. Voluptate et sit ipsam ipsum. Et sunt a cupiditate aut. Ab fugiat dolorum hic quas.', 3, '2022-01-06 10:38:33', '2022-01-06 10:38:33'),
(226, 30, 'Zachariah Brekke', 'Ipsam velit aut ducimus dolore. Aut est natus a. Corporis molestiae voluptatem molestias ea quasi aut doloribus. Voluptas sequi nihil nam et voluptate consequatur.', 1, '2022-01-06 10:38:33', '2022-01-06 10:38:33'),
(227, 24, 'Miss Leann Labadie', 'Optio ullam veritatis est voluptatem. Totam facere exercitationem dolor accusamus consectetur omnis possimus sit. Rerum et tenetur dignissimos cumque voluptates. Ea omnis rerum veniam architecto odit praesentium dolore.', 3, '2022-01-06 10:38:33', '2022-01-06 10:38:33'),
(228, 28, 'Mrs. Catherine Schamberger V', 'Unde omnis est dicta voluptatem fugit. Quidem blanditiis eius rem sed possimus nulla optio. Consequuntur consequatur odio reiciendis et sint. Ad perspiciatis laboriosam rerum voluptate.', 2, '2022-01-06 10:38:33', '2022-01-06 10:38:33'),
(229, 50, 'Ms. Maritza Durgan DVM', 'Voluptatem porro molestiae omnis. Eius minus nesciunt quae consequatur ut. Cupiditate et consequuntur magni eveniet maxime eum.', 3, '2022-01-06 10:38:33', '2022-01-06 10:38:33'),
(230, 23, 'Halle Zulauf', 'Esse quia quidem totam consequatur. Dignissimos cumque atque esse quae vel aut. Iusto ut id minus aspernatur.', 0, '2022-01-06 10:38:33', '2022-01-06 10:38:33'),
(231, 16, 'Jessyca Adams', 'Sit rerum dolores similique reiciendis magnam praesentium. Culpa porro est sed eaque. Temporibus nam voluptas itaque corrupti at ut.', 0, '2022-01-06 10:38:33', '2022-01-06 10:38:33'),
(232, 44, 'Danyka Koepp', 'Voluptatem sit nobis dolore est magnam. Architecto atque quia adipisci praesentium.', 3, '2022-01-06 10:38:33', '2022-01-06 10:38:33'),
(233, 39, 'Kamille Wehner', 'Perspiciatis amet sit dolores ut quaerat nesciunt enim. Et placeat nihil labore labore sunt accusantium id. Odio facere sed rem illo ut mollitia. Vitae doloremque et ratione quia id.', 0, '2022-01-06 10:38:33', '2022-01-06 10:38:33'),
(234, 15, 'Dr. Cyril Lindgren', 'Non dolores soluta in et autem laborum. Sunt sapiente id tempora. Earum eligendi illo molestias impedit qui voluptas quod.', 0, '2022-01-06 10:38:33', '2022-01-06 10:38:33'),
(235, 25, 'Rod Watsica', 'Cupiditate aperiam recusandae omnis quia nisi voluptatibus nemo beatae. Impedit non rerum consequatur rem. Neque quia eum iste officiis in natus odio.', 0, '2022-01-06 10:38:33', '2022-01-06 10:38:33'),
(236, 13, 'Mrs. Laurence Ritchie Sr.', 'Libero ut porro voluptatem eos ipsam. Illum quia consequuntur eos architecto. Sint explicabo voluptatem rerum ipsum a suscipit ullam ut. Corrupti sunt ut accusantium molestiae repudiandae ut.', 1, '2022-01-06 10:38:33', '2022-01-06 10:38:33'),
(237, 17, 'Dr. Madalyn Beier', 'Accusantium cupiditate in sunt dolor voluptatem ut. Excepturi dolorum officiis et hic aut accusamus. Hic ab aut est corrupti est quas et.', 0, '2022-01-06 10:38:33', '2022-01-06 10:38:33'),
(238, 8, 'Georgiana Abernathy', 'Porro officia praesentium veniam voluptatem in aut ut. In qui ratione aut. Nam illo doloribus quae mollitia dolore. Necessitatibus optio tenetur adipisci dicta vel atque.', 1, '2022-01-06 10:38:33', '2022-01-06 10:38:33'),
(239, 34, 'Marina Gislason', 'Ut sit perspiciatis sed nihil qui. Odio et libero esse. Sit tenetur consequatur aut ratione.', 5, '2022-01-06 10:38:33', '2022-01-06 10:38:33'),
(240, 44, 'Mr. Donato Stark', 'Nisi aut iusto sed perferendis autem neque qui. Aut ut molestiae voluptas earum alias voluptatem. Necessitatibus earum in voluptas quia molestiae quis.', 1, '2022-01-06 10:38:33', '2022-01-06 10:38:33'),
(241, 32, 'Dr. Crawford Mante IV', 'In eum et et dolorem non odit rerum. Reiciendis sit laborum rerum. Ut id voluptas ipsa corrupti ut.', 2, '2022-01-06 10:38:33', '2022-01-06 10:38:33'),
(242, 24, 'Tyrell Sauer', 'Aut quo et adipisci non a. Exercitationem vel sint unde accusamus dolore itaque. Et consectetur est omnis unde non dolore.', 0, '2022-01-06 10:38:33', '2022-01-06 10:38:33'),
(243, 26, 'Dr. Bonnie Dickens', 'Rerum sint dicta eveniet non incidunt aut optio magnam. Expedita amet qui enim ut. Voluptatem minima fugit deserunt. Veritatis earum velit et deleniti eos.', 0, '2022-01-06 10:38:33', '2022-01-06 10:38:33'),
(244, 32, 'Janick Padberg', 'Minima omnis voluptatem voluptatem et porro qui. Dolores facilis nam maiores suscipit necessitatibus eos animi. Culpa quia voluptatum dignissimos ipsa expedita maxime reiciendis earum. Similique asperiores enim officia distinctio.', 1, '2022-01-06 10:38:33', '2022-01-06 10:38:33'),
(245, 32, 'Marianna Kemmer', 'Voluptas autem eos tempora laudantium quidem. Fugiat at velit hic modi voluptas quisquam. Nulla culpa nisi atque iure maxime impedit.', 2, '2022-01-06 10:38:33', '2022-01-06 10:38:33'),
(246, 40, 'Mr. Miller Crooks', 'Mollitia enim voluptatem et dicta est. Voluptas eum tempore repellat sunt corrupti neque. Corporis sit sit et fugiat veniam. Est vel omnis quis voluptas velit quis rerum.', 4, '2022-01-06 10:38:33', '2022-01-06 10:38:33'),
(247, 38, 'Kurtis Breitenberg', 'Sunt nihil suscipit ut accusamus earum. Provident voluptas laboriosam maxime et ea quod. Qui est expedita voluptates ab laboriosam quos similique. Officiis praesentium sapiente a ut.', 1, '2022-01-06 10:38:33', '2022-01-06 10:38:33'),
(248, 44, 'Dr. Kian Dietrich', 'Nostrum temporibus perferendis illo. Officia est quod non. Est inventore quisquam deleniti voluptatum. Repellendus ab velit voluptatem rerum et magni consequuntur non.', 1, '2022-01-06 10:38:33', '2022-01-06 10:38:33'),
(249, 40, 'Cecilia Little', 'Autem nemo quaerat aut. Eum dolores sunt fugit. Eligendi fugit officiis vel illum natus voluptas perspiciatis. Itaque voluptates pariatur voluptatem dignissimos dolores alias qui.', 5, '2022-01-06 10:38:33', '2022-01-06 10:38:33'),
(250, 20, 'Lorenzo Ruecker', 'Sint vel aut qui qui ut nostrum et enim. Sed voluptates quae enim. Quia quam a corrupti ut voluptates. Natus velit sint explicabo.', 3, '2022-01-06 10:38:33', '2022-01-06 10:38:33'),
(251, 22, 'Dr. Samson Bashirian', 'Et aut sed quo necessitatibus. Sunt totam quo dolorem culpa dolorum accusantium adipisci. Voluptatum aperiam unde voluptate et. Architecto necessitatibus qui rem incidunt perspiciatis quas. Voluptas et officiis quo porro commodi.', 5, '2022-01-06 10:38:33', '2022-01-06 10:38:33'),
(252, 25, 'Dr. Brendon Feil V', 'Beatae ipsam ut quaerat enim ad inventore dolores. Vel beatae qui est ducimus quas et. Quod atque enim voluptatibus adipisci. Omnis sit aut sed.', 4, '2022-01-06 10:38:33', '2022-01-06 10:38:33'),
(253, 40, 'Demetris Schroeder MD', 'Quidem suscipit est quaerat aut quasi. Quia ut id dicta nostrum. Quia facere et earum iste est id.', 3, '2022-01-06 10:38:33', '2022-01-06 10:38:33'),
(254, 32, 'Beau Huel IV', 'Vitae neque harum harum tenetur. Illo quos voluptatem corporis quae in. Aut autem at quidem nesciunt consequuntur ab odit.', 4, '2022-01-06 10:38:33', '2022-01-06 10:38:33'),
(255, 47, 'Nels Hermiston', 'Aliquid aperiam quia porro rerum. Hic hic et dolorum. Qui neque accusantium officia perferendis enim vel.', 3, '2022-01-06 10:38:33', '2022-01-06 10:38:33'),
(256, 20, 'Andreanne Kihn PhD', 'Autem adipisci consequatur illum pariatur. Illo iusto quis blanditiis voluptatem. Eaque qui quas totam commodi repellendus quidem. Dolor sit earum quae consequatur. Quos ex quis cumque ratione.', 2, '2022-01-06 10:38:33', '2022-01-06 10:38:33'),
(257, 17, 'Myriam Bogisich', 'Molestiae nobis quis eos odio ab tempore. Consequuntur nobis impedit debitis delectus et possimus. Voluptate explicabo molestias velit provident. Sint aut dicta iure consequatur porro voluptate.', 4, '2022-01-06 10:38:33', '2022-01-06 10:38:33'),
(258, 28, 'Caterina Mills', 'Molestiae quasi et corporis aperiam earum omnis eveniet. Eaque iure voluptatem qui sit et. Magni voluptatum amet aut similique delectus culpa praesentium. Similique vero aut error non harum occaecati. Quos odit aspernatur recusandae recusandae sint reiciendis.', 2, '2022-01-06 10:38:33', '2022-01-06 10:38:33'),
(259, 8, 'Hoyt Sanford Sr.', 'Eum accusamus rerum modi omnis. Doloremque harum unde sed dolorem aliquam. Ea iure ex qui. Laudantium in eum esse alias consequatur iusto nesciunt.', 4, '2022-01-06 10:38:33', '2022-01-06 10:38:33'),
(260, 28, 'Citlalli Jast', 'Nemo vel sunt est dolores. Minima eaque aut sunt et voluptatem quod nisi vel. Autem amet fugit cumque quia enim. Et fugiat sint libero et impedit beatae velit.', 0, '2022-01-06 10:38:33', '2022-01-06 10:38:33'),
(261, 22, 'Eleanora Hermann PhD', 'Velit dolore dolores aliquam recusandae voluptas. Harum ut earum sed praesentium eum consectetur rem. Voluptates est blanditiis voluptatem ratione ratione eos. Et maxime est eos consequatur minus molestias.', 4, '2022-01-06 10:38:33', '2022-01-06 10:38:33'),
(262, 16, 'Lila Monahan Sr.', 'Sint temporibus aut unde quaerat quos. Dolores laudantium voluptatibus officia pariatur iusto odio. Mollitia ut consequatur iure dolorem. Vel provident voluptatum qui perspiciatis.', 3, '2022-01-06 10:38:33', '2022-01-06 10:38:33'),
(263, 44, 'Dina Jenkins', 'A qui vel eos adipisci cum. Ducimus quia aut vel nesciunt non cum. Ad occaecati eos expedita.', 5, '2022-01-06 10:38:33', '2022-01-06 10:38:33'),
(264, 9, 'Ms. Corrine Schowalter', 'Et ut porro officia ea dolore praesentium sit a. Ratione iure laborum officia possimus sit officiis doloribus. Officiis sed ipsa reprehenderit facere ex a. Deserunt dolores dolores quod hic enim.', 1, '2022-01-06 10:38:33', '2022-01-06 10:38:33'),
(265, 12, 'Miss Malvina Kuhic I', 'Dolorum qui consequatur consectetur ipsa suscipit non. Deserunt sunt fugit ex earum natus. Vel qui assumenda eaque necessitatibus. Similique ullam iure eveniet voluptatum pariatur perferendis voluptatum. Animi earum magnam adipisci.', 5, '2022-01-06 10:38:33', '2022-01-06 10:38:33'),
(266, 20, 'Jewel Nader', 'Consequatur nulla dolores accusamus deleniti laboriosam voluptas reprehenderit. Non quia sit id molestiae perferendis nobis. Molestias ut unde sit.', 0, '2022-01-06 10:38:33', '2022-01-06 10:38:33'),
(267, 37, 'Tavares Block V', 'Deserunt perspiciatis mollitia quae ut rerum molestiae. Quisquam at dolore id non amet. Qui aliquid est ipsam quasi suscipit distinctio hic.', 0, '2022-01-06 10:38:33', '2022-01-06 10:38:33'),
(268, 6, 'Ila Heller', 'Qui aliquam ipsum adipisci ut aliquid voluptatem officia dolores. Corporis perspiciatis ex ducimus voluptas. Enim est rerum id quasi voluptatibus assumenda. Praesentium vitae itaque quo autem.', 3, '2022-01-06 10:38:33', '2022-01-06 10:38:33'),
(269, 31, 'Mr. Eloy Buckridge II', 'Hic commodi officia sit vero. Quas distinctio omnis quibusdam aut. Quia totam consequuntur vel sunt alias. Vel sit dolores qui quia tempore et doloremque accusantium.', 3, '2022-01-06 10:38:33', '2022-01-06 10:38:33'),
(270, 10, 'Berenice Hoppe', 'Dolorem ut rerum sunt. Odio est est dolor. Amet doloremque nostrum ullam repudiandae voluptatem voluptate nulla repudiandae.', 5, '2022-01-06 10:38:33', '2022-01-06 10:38:33'),
(271, 50, 'Payton Kemmer', 'Minus eos velit consequatur fugit accusantium. Veritatis sequi eaque dolor ea magnam dolor expedita est. Id quaerat ea at sed vel. Quia excepturi dolorem est occaecati cum reprehenderit dolor cum.', 4, '2022-01-06 10:38:33', '2022-01-06 10:38:33'),
(272, 38, 'Efren Moore', 'Mollitia dicta eos repudiandae et voluptas. Perferendis debitis et velit. Suscipit quos ipsam officia minima. Non quae ab cumque praesentium odio. Et eum et fuga molestiae dolorem.', 4, '2022-01-06 10:38:33', '2022-01-06 10:38:33'),
(273, 36, 'Miss Alisha Durgan DVM', 'Rerum fugit sunt commodi blanditiis aut quia quis. Neque ratione rerum aut. Ut quia praesentium fuga.', 0, '2022-01-06 10:38:33', '2022-01-06 10:38:33'),
(274, 50, 'Antone Waelchi', 'Iusto labore minima aut nihil nihil. Consequuntur fugiat ullam provident incidunt eligendi quis ipsa. Error magnam delectus ad autem ea sit temporibus.', 2, '2022-01-06 10:38:33', '2022-01-06 10:38:33'),
(275, 3, 'Celia Rice', 'Nihil aut et nemo voluptas numquam suscipit eaque. Laudantium neque necessitatibus ducimus exercitationem et. Officia quia iste beatae reiciendis.', 4, '2022-01-06 10:38:33', '2022-01-06 10:38:33'),
(276, 50, 'Zella Altenwerth', 'Illo laborum aspernatur dicta quo quia. Saepe aut ratione et quasi sit sint unde laborum. Impedit quos nemo accusantium. Porro cum voluptatem quisquam qui.', 3, '2022-01-06 10:38:33', '2022-01-06 10:38:33'),
(277, 7, 'Salvador Gorczany', 'Molestias placeat et est. Vero aperiam vitae omnis. Reprehenderit similique quo adipisci fugiat.', 1, '2022-01-06 10:38:33', '2022-01-06 10:38:33'),
(278, 40, 'Assunta Rogahn', 'Cupiditate pariatur et aut consectetur placeat est tenetur. Commodi porro eum commodi ullam pariatur. Odio sint excepturi facere sint. Magni laborum quae distinctio quidem doloribus ratione.', 5, '2022-01-06 10:38:33', '2022-01-06 10:38:33'),
(279, 38, 'Okey Hackett Jr.', 'Praesentium aut expedita magni excepturi. Error est sed voluptatem omnis aliquid. Est ea incidunt delectus sed eius illum consequuntur.', 5, '2022-01-06 10:38:33', '2022-01-06 10:38:33'),
(280, 39, 'Leonardo Quigley', 'Dolorem temporibus rerum impedit veritatis porro. Delectus laboriosam eligendi iusto dicta. Ipsam autem et sunt.', 5, '2022-01-06 10:38:33', '2022-01-06 10:38:33'),
(281, 35, 'Randall Stamm', 'Odit minima sint fugiat perferendis. Eum sed possimus sint omnis. Corporis laboriosam perspiciatis eaque. Commodi ipsam iste deleniti magnam expedita qui.', 5, '2022-01-06 10:38:33', '2022-01-06 10:38:33'),
(282, 3, 'Therese Padberg MD', 'Distinctio molestiae reiciendis consequuntur. Quis sint dicta magni veniam. Ut eligendi aut assumenda eum. Tenetur a commodi ut.', 0, '2022-01-06 10:38:33', '2022-01-06 10:38:33'),
(283, 42, 'Dr. Amari Morissette Jr.', 'Ut quia praesentium occaecati sapiente dolores. Repellendus corrupti reiciendis ad placeat. Ipsum dolor aut officiis quos quia sint.', 0, '2022-01-06 10:38:33', '2022-01-06 10:38:33'),
(284, 10, 'Liliana Bernier', 'Eos veritatis accusantium ullam veritatis nam. Iste possimus rerum quasi asperiores consequatur consequatur. Adipisci dolores delectus aliquam minus nostrum ullam. Aliquid vitae corrupti error nobis aut ut.', 1, '2022-01-06 10:38:33', '2022-01-06 10:38:33'),
(285, 35, 'Lane Jones', 'Nihil totam ut dolor modi eos. Illo fugit placeat doloremque officiis non. Suscipit fuga et rerum sunt quia optio voluptate. Natus est laudantium omnis distinctio distinctio. Nulla laboriosam molestiae voluptatibus fuga.', 5, '2022-01-06 10:38:33', '2022-01-06 10:38:33'),
(286, 1, 'Prof. Maxime Grimes', 'Ipsum in at dolor rerum exercitationem voluptas rem aliquam. Dolor maiores suscipit aut ab assumenda ipsum. Illo et nisi unde maxime.', 1, '2022-01-06 10:38:33', '2022-01-06 10:38:33'),
(287, 14, 'Mrs. Enola Jacobson DVM', 'Nesciunt deserunt voluptatem pariatur. Sed provident rem enim id iste aut qui. Ab iure eum ad aut magnam et quis. Corrupti asperiores ipsum iusto est et esse quis reiciendis.', 0, '2022-01-06 10:38:33', '2022-01-06 10:38:33'),
(288, 16, 'Makenzie Auer', 'Ab in in explicabo deserunt omnis. Commodi debitis enim eum eius qui ea. Quasi voluptas qui non et perspiciatis sunt.', 5, '2022-01-06 10:38:33', '2022-01-06 10:38:33'),
(289, 9, 'Verlie Franecki', 'Similique dolore fugiat doloribus quia est laboriosam. Et molestias aut aut debitis.', 4, '2022-01-06 10:38:33', '2022-01-06 10:38:33'),
(290, 20, 'Montana Runolfsson', 'Fugiat minima qui commodi velit sequi doloremque sit. Est et rerum rerum quis non velit veritatis voluptatem. Praesentium voluptatem voluptas quia eveniet maxime eum doloremque.', 3, '2022-01-06 10:38:33', '2022-01-06 10:38:33'),
(291, 47, 'Randall Crooks II', 'Deleniti architecto architecto magnam dolores. Numquam adipisci ut saepe voluptatem. Quasi et corporis eos voluptatem.', 4, '2022-01-06 10:38:33', '2022-01-06 10:38:33'),
(292, 25, 'Dr. Tyreek Hackett PhD', 'Sit eos ad ut distinctio ex eos. Cupiditate cumque qui amet eaque. Ipsa aut ipsum ullam voluptatem nulla corrupti.', 4, '2022-01-06 10:38:33', '2022-01-06 10:38:33'),
(293, 5, 'Miss Malinda Grimes MD', 'Vel cupiditate ullam suscipit at quam. Et nisi et suscipit officiis nisi illum ut. Velit unde debitis minus quo. Fuga omnis ut rerum temporibus.', 0, '2022-01-06 10:38:33', '2022-01-06 10:38:33'),
(294, 41, 'Madeline Blick', 'Quidem est quia eius odio aspernatur quaerat. Laboriosam et vel ut aliquid vitae ipsa ut. Sint aut eos consequatur aut deserunt sit asperiores nostrum.', 4, '2022-01-06 10:38:33', '2022-01-06 10:38:33'),
(295, 39, 'Jakob Strosin', 'Omnis accusantium quo molestiae repellendus laborum totam. Error quisquam magnam placeat ea cupiditate.', 2, '2022-01-06 10:38:33', '2022-01-06 10:38:33'),
(296, 22, 'Lester Stoltenberg', 'Expedita veritatis nesciunt sit quos ad ut ipsa. Ut saepe ullam consequatur corporis iusto.', 5, '2022-01-06 10:38:33', '2022-01-06 10:38:33'),
(297, 40, 'Gerhard Ritchie', 'Ut dolor quo voluptates consequatur. Voluptas vero quos voluptatibus delectus itaque impedit. Consequatur non aut explicabo. Voluptas dicta deleniti atque minus voluptas sit.', 4, '2022-01-06 10:38:33', '2022-01-06 10:38:33'),
(298, 7, 'Prof. Lucas Miller V', 'Ipsam maiores atque totam nesciunt iusto sit error. Qui omnis excepturi saepe voluptatum expedita assumenda. Corporis rerum hic veritatis nobis quas ad. Voluptatem at officia vel dolore sunt dolores consequatur. Sit error ullam accusantium.', 2, '2022-01-06 10:38:33', '2022-01-06 10:38:33'),
(299, 16, 'Sister Koelpin II', 'Voluptas adipisci maxime quis error earum aut ab. Blanditiis dolorem blanditiis vitae in pariatur. Maiores quis esse facere perferendis amet velit.', 1, '2022-01-06 10:38:33', '2022-01-06 10:38:33'),
(300, 45, 'Kristin Goldner', 'Quibusdam et aut officiis. Ea eius qui qui neque neque. Adipisci ratione est repudiandae harum et quae. Aut sunt sint perspiciatis.', 1, '2022-01-06 10:38:33', '2022-01-06 10:38:33');

-- --------------------------------------------------------

--
-- Table structure for table `users`
--

CREATE TABLE `users` (
  `id` bigint(20) UNSIGNED NOT NULL,
  `name` varchar(255) COLLATE utf8mb4_unicode_ci NOT NULL,
  `email` varchar(255) COLLATE utf8mb4_unicode_ci NOT NULL,
  `email_verified_at` timestamp NULL DEFAULT NULL,
  `password` varchar(255) COLLATE utf8mb4_unicode_ci NOT NULL,
  `remember_token` varchar(100) COLLATE utf8mb4_unicode_ci DEFAULT NULL,
  `created_at` timestamp NULL DEFAULT NULL,
  `updated_at` timestamp NULL DEFAULT NULL
) ENGINE=InnoDB DEFAULT CHARSET=utf8mb4 COLLATE=utf8mb4_unicode_ci;

--
-- Indexes for dumped tables
--

--
-- Indexes for table `failed_jobs`
--
ALTER TABLE `failed_jobs`
  ADD PRIMARY KEY (`id`),
  ADD UNIQUE KEY `failed_jobs_uuid_unique` (`uuid`);

--
-- Indexes for table `migrations`
--
ALTER TABLE `migrations`
  ADD PRIMARY KEY (`id`);

--
-- Indexes for table `password_resets`
--
ALTER TABLE `password_resets`
  ADD KEY `password_resets_email_index` (`email`);

--
-- Indexes for table `personal_access_tokens`
--
ALTER TABLE `personal_access_tokens`
  ADD PRIMARY KEY (`id`),
  ADD UNIQUE KEY `personal_access_tokens_token_unique` (`token`),
  ADD KEY `personal_access_tokens_tokenable_type_tokenable_id_index` (`tokenable_type`,`tokenable_id`);

--
-- Indexes for table `products`
--
ALTER TABLE `products`
  ADD PRIMARY KEY (`id`);

--
-- Indexes for table `reviews`
--
ALTER TABLE `reviews`
  ADD PRIMARY KEY (`id`),
  ADD KEY `reviews_product_id_index` (`product_id`);

--
-- Indexes for table `users`
--
ALTER TABLE `users`
  ADD PRIMARY KEY (`id`),
  ADD UNIQUE KEY `users_email_unique` (`email`);

--
-- AUTO_INCREMENT for dumped tables
--

--
-- AUTO_INCREMENT for table `failed_jobs`
--
ALTER TABLE `failed_jobs`
  MODIFY `id` bigint(20) UNSIGNED NOT NULL AUTO_INCREMENT;

--
-- AUTO_INCREMENT for table `migrations`
--
ALTER TABLE `migrations`
  MODIFY `id` int(10) UNSIGNED NOT NULL AUTO_INCREMENT, AUTO_INCREMENT=7;

--
-- AUTO_INCREMENT for table `personal_access_tokens`
--
ALTER TABLE `personal_access_tokens`
  MODIFY `id` bigint(20) UNSIGNED NOT NULL AUTO_INCREMENT;

--
-- AUTO_INCREMENT for table `products`
--
ALTER TABLE `products`
  MODIFY `id` bigint(20) UNSIGNED NOT NULL AUTO_INCREMENT, AUTO_INCREMENT=51;

--
-- AUTO_INCREMENT for table `reviews`
--
ALTER TABLE `reviews`
  MODIFY `id` bigint(20) UNSIGNED NOT NULL AUTO_INCREMENT, AUTO_INCREMENT=301;

--
-- AUTO_INCREMENT for table `users`
--
ALTER TABLE `users`
  MODIFY `id` bigint(20) UNSIGNED NOT NULL AUTO_INCREMENT;

--
-- Constraints for dumped tables
--

--
-- Constraints for table `reviews`
--
ALTER TABLE `reviews`
  ADD CONSTRAINT `reviews_product_id_foreign` FOREIGN KEY (`product_id`) REFERENCES `products` (`id`) ON DELETE CASCADE;
COMMIT;

/*!40101 SET CHARACTER_SET_CLIENT=@OLD_CHARACTER_SET_CLIENT */;
/*!40101 SET CHARACTER_SET_RESULTS=@OLD_CHARACTER_SET_RESULTS */;
/*!40101 SET COLLATION_CONNECTION=@OLD_COLLATION_CONNECTION */;
